Country Name,Country Code,Indicator Name,Indicator Code,1960,1961,1962,1963,1964,1965,1966,1967,1968,1969,1970,1971,1972,1973,1974,1975,1976,1977,1978,1979,1980,1981,1982,1983,1984,1985,1986,1987,1988,1989,1990,1991,1992,1993,1994,1995,1996,1997,1998,1999,2000,2001,2002,2003,2004,2005,2006,2007,2008,2009,2010,2011,2012,2013,2014,2015,2016,2017,2018,2019,
Aruba,ABW,"External debt stocks, short-term (DOD, current US$)",DT.DOD.DSTC.CD,,,,,,,,,,,,,,,,,,,,,,,,,,,,,,,,,,,,,,,,,,,,,,,,,,,,,,,,,,,,,
Afghanistan,AFG,"External debt stocks, short-term (DOD, current US$)",DT.DOD.DSTC.CD,,,,,,,,,,,0,0,0,0,0,0,0,0,0,0,0,0,0,0,0,0,0,0,242000,666000,1732000,3142000,4138000,5312000,6342000,7209000,7814000,8318000,8720000,9023000,9249000,14383000,14992000,9395000,9395000,9395000,19149951.9,21653848.1,18364190.3,21352709.1,104846801.3,222695204,261728153.5,105102007.2,257184255.6,327843758.1,355221348.6,434534085,364413004,,
Angola,AGO,"External debt stocks, short-term (DOD, current US$)",DT.DOD.DSTC.CD,,,,,,,,,,,0,0,0,0,0,0,0,0,0,0,0,10000,5439000,9394000,339840000,667157009.6,261884041.2,427974206.1,388335689.6,612607986.4,988436108.4,1297672619.4,1928777993.2,1880316458.9,2170673955.3,1957808164.2,1168519201.9,1266688669.9,1684519067,1585490036.8,1322915747.5,1451104782.3,1207525379.6,1074134809.7,1195988874.8,2315759631.7,2132161298.1,2269630578.8,2390637402.7,2592529310.2,4567608350,6061667120.6,8695501803.8,11351670129.1,7659805207.3,8166338543.3,4380009040.4,3695083650.5,2311703495,,
Albania,ALB,"External debt stocks, short-term (DOD, current US$)",DT.DOD.DSTC.CD,,,,,,,,,,,0,0,0,0,0,0,0,0,0,0,0,0,0,0,0,0,0,0,0,74400000,312900000,425285623.2,492446965.5,577384270.8,581342091,62336399.2,31589079.6,47783414.8,34905746,29038739.8,36665780.4,30618859.5,29046332.8,149434035.8,1227000,155038000,386475000,510666758.6,1149654325.7,680539000,743172000,1091790000,1469894000,2003193000,1875191000,1795011000,1869474000,2149018000,2164565000,,
Andorra,AND,"External debt stocks, short-term (DOD, current US$)",DT.DOD.DSTC.CD,,,,,,,,,,,,,,,,,,,,,,,,,,,,,,,,,,,,,,,,,,,,,,,,,,,,,,,,,,,,,
Arab World,ARB,"External debt stocks, short-term (DOD, current US$)",DT.DOD.DSTC.CD,,,,,,,,,,,,,,,,,,,,,,,,,,,,,,,,,,,,,,,,,,,,,,,,,,,,,,,,,,,,,
United Arab Emirates,ARE,"External debt stocks, short-term (DOD, current US$)",DT.DOD.DSTC.CD,,,,,,,,,,,,,,,,,,,,,,,,,,,,,,,,,,,,,,,,,,,,,,,,,,,,,,,,,,,,,
Argentina,ARG,"External debt stocks, short-term (DOD, current US$)",DT.DOD.DSTC.CD,,,,,,,,,,,639000000,687000000,745000000,794000000,839000000,849000000,1020000000,2724000000,3428000000,6911000000,10383400000,12921335000,16521000000,8913443821.4,10718236231.7,6731406247.9,4409872619.7,3532995273.5,5717914909.5,8524665275.7,10440396127,13545803095.6,16176291841.2,8652721196.1,7170908909.8,21354822279.8,23497457471.7,31988007695.3,30956044184.1,29415210000,28325319330.3,20003921785,14834758132.5,22386271299.8,26548725130.7,35040535349.5,28250475405.5,19200772122,19439501013,19285823131.6,16413011633.1,25745591622.2,25251911426.5,36691603037.6,33891139953.7,59434245510.8,41016686116.4,55460778368.8,67582635382.3,,
Armenia,ARM,"External debt stocks, short-term (DOD, current US$)",DT.DOD.DSTC.CD,,,,,,,,,,,0,0,0,0,0,0,0,0,0,0,0,0,0,0,0,0,0,0,0,0,0,0,38050000,20000,1066584.4,2140000,1400000,22000000,45170000,49200000,44419000,41972000,220000000,404000000,410000000,297850000,306860000,500637000,520782000,529168000,655743000,903691000,842033000,1149875000,908221000,663652000,1071620000,889000000,1134000000,,
American Samoa,ASM,"External debt stocks, short-term (DOD, current US$)",DT.DOD.DSTC.CD,,,,,,,,,,,,,,,,,,,,,,,,,,,,,,,,,,,,,,,,,,,,,,,,,,,,,,,,,,,,,
Antigua and Barbuda,ATG,"External debt stocks, short-term (DOD, current US$)",DT.DOD.DSTC.CD,,,,,,,,,,,,,,,,,,,,,,,,,,,,,,,,,,,,,,,,,,,,,,,,,,,,,,,,,,,,,
Australia,AUS,"External debt stocks, short-term (DOD, current US$)",DT.DOD.DSTC.CD,,,,,,,,,,,,,,,,,,,,,,,,,,,,,,,,,,,,,,,,,,,,,,,,,,,,,,,,,,,,,
Austria,AUT,"External debt stocks, short-term (DOD, current US$)",DT.DOD.DSTC.CD,,,,,,,,,,,,,,,,,,,,,,,,,,,,,,,,,,,,,,,,,,,,,,,,,,,,,,,,,,,,,
Azerbaijan,AZE,"External debt stocks, short-term (DOD, current US$)",DT.DOD.DSTC.CD,,,,,,,,,,,0,0,0,0,0,0,0,0,0,0,0,0,0,0,0,0,0,0,0,0,0,0,0,40000,9615000,14032076.5,15481000,4000000,1480000,29000000,156210000,102860000,82380000,103000000,138000000,186000000,520000000,1132000000,1136000000,595000000,999000000,91000000,1631115000,1604885000,2020737000,1547517000,1395983000,674712000,569722000,,
Burundi,BDI,"External debt stocks, short-term (DOD, current US$)",DT.DOD.DSTC.CD,,,,,,,,,,,0,0,0,0,0,0,0,5000000,5000000,13000000,12000000,10000000,16000000,10000000,12028107.4,31587228.8,24066898.6,37319802.6,12674854.9,16441856.4,13362339.6,13365405.4,12961057,5189279.2,5620957.9,14898341.1,8213415.8,15808266.1,20092841.3,69692458.9,65002565.6,88392820.2,96341205.5,47555535.7,22561392.3,34061209.9,37615945.6,13801085.1,17988424,7000000,15739332,422532.3,7265000,31265000,48265000,265000,265000,265000,265000,,
Belgium,BEL,"External debt stocks, short-term (DOD, current US$)",DT.DOD.DSTC.CD,,,,,,,,,,,,,,,,,,,,,,,,,,,,,,,,,,,,,,,,,,,,,,,,,,,,,,,,,,,,,
Benin,BEN,"External debt stocks, short-term (DOD, current US$)",DT.DOD.DSTC.CD,,,,,,,,,,,880231.4,1224400.1,2015652.1,2916241.1,4072118.8,5279608,4982549.5,32439646.8,62162265.5,97807042.5,73410200.9,84467984.8,78293519.5,83298735.1,88553359.7,145828223.8,171316666.9,210013522,151430405.2,70789213.1,55534709.2,61864235.7,27530400.5,33104115.8,30942562,47004468.9,46883209.3,136149251.1,85947239.9,122058757.7,66301000,80095000,75055000,35051000,25445000,40884022.5,40906850.8,116910542.9,89346923.3,213170416.9,340607591.7,496728522.7,174989413.3,189351407.1,60607683.6,75318872.4,62292392.5,71756272.1,55732577.2,,
Burkina Faso,BFA,"External debt stocks, short-term (DOD, current US$)",DT.DOD.DSTC.CD,,,,,,,,,,,0,0,0,0,0,0,0,30002375.3,78007111.6,38000000,35000000,35000000,32029784,27512056.7,29971422,44757237.5,54742058.1,77422266.3,75324581.2,68524036.6,84036902.1,75763586.2,52251790.4,29874600.7,40782778.9,55835323.7,53362211.9,65848938.9,59422815.3,103403390.9,84311602,63471333.8,11234550.9,14139000,24096000,22221536.9,89063000,155015802.5,8530127.6,0,0,0,0,0,0,0,0,0,0,,
Bangladesh,BGD,"External debt stocks, short-term (DOD, current US$)",DT.DOD.DSTC.CD,,,,,,,,,,,0,0,0,530584.1,46012.9,2024818.7,3212769.1,27045602.3,72401604.2,111149808,212042930,228043884,209043591.5,170044968.6,133040477.5,135053446.5,125060454.5,74033369,49794094,67532000.2,155934434.8,218572710.1,232693084.2,152837980.2,194536652.7,199198149.8,163065470,175000000,149720000,254290000,334000000,360743000,572094000,617000000,712000000,688428094,1178000000,1369670044.5,1894336746,1934215154,2949209920.6,2105312306,1959209610.8,3734855020.3,4153030868.6,6632730698.6,7836437951.4,10766873851.6,9031265985.2,,
Bulgaria,BGR,"External debt stocks, short-term (DOD, current US$)",DT.DOD.DSTC.CD,,,,,,,,,,,0,0,0,0,0,0,0,0,0,0,0,0,0,0,0,50000000,60000000,351000000,629000000,854000000,1055515569.2,1566860977,1594125926.4,1852600900.9,435910685.9,512273843.5,1146803148.6,1997049185.9,1762616246.1,1288301000,1450772000,1228985000,1843112000,2662500000,3267474000,4442460000,8040120000,14036473000,18334200000,17797030000,15143258000,12847627000,13779930000,13323751000,11148703000,8772782000,8609323000,9536000000,9695065000,,
Bahrain,BHR,"External debt stocks, short-term (DOD, current US$)",DT.DOD.DSTC.CD,,,,,,,,,,,,,,,,,,,,,,,,,,,,,,,,,,,,,,,,,,,,,,,,,,,,,,,,,,,,,
"Bahamas, The",BHS,"External debt stocks, short-term (DOD, current US$)",DT.DOD.DSTC.CD,,,,,,,,,,,,,,,,,,,,,,,,,,,,,,,,,,,,,,,,,,,,,,,,,,,,,,,,,,,,,
Bosnia and Herzegovina,BIH,"External debt stocks, short-term (DOD, current US$)",DT.DOD.DSTC.CD,,,,,,,,,,,0,0,0,0,0,0,0,0,0,0,0,0,0,0,0,0,0,0,0,0,0,0,0,1889644.9,38493420.9,31120000,73120000,57000000,118514000,39627270.5,38202547.3,40000000,342690504.4,104000000,252000000,821000000,1161000000,1387000000,1162000000,1457000000,1149000000,1328000000,1132004000,1019980000,780924000,646558000,647186000,285556000,266714000,,
Belarus,BLR,"External debt stocks, short-term (DOD, current US$)",DT.DOD.DSTC.CD,,,,,,,,,,,0,0,0,0,0,0,0,0,0,0,0,0,0,0,0,0,0,0,0,0,0,0,0,6933000,69958458.6,109925771.1,956571895.3,1144305808,1347538642.5,1310118529.9,1238629764.4,1308685425.3,1629009944,1974921098,2936100000,3503058000,4382054000,7361162000,7557961000,9076115000,11863739000,13445500000,11635309000,14062081000,12827405000,11474471000,10621954000,9724596000,9602080000,,
Belize,BLZ,"External debt stocks, short-term (DOD, current US$)",DT.DOD.DSTC.CD,,,,,,,,,,,0,0,0,0,0,0,0,7000000,11000000,38000000,16000000,4167632,7403820.5,21792004.6,17954774.3,13262609.2,11904905.3,14765746.2,5481041.2,5083321,6095000,10761620.1,10994565.3,18935405.3,16217255.8,35719179.1,31090453.9,182014000,50520000,51000004.6,50000000,50844000,45899912.1,80983129,1307858.1,6855342.4,7725024.5,7274490.2,7484268.8,9510727.2,6912209.1,7818819.9,6138014.7,5721899.9,5434078.6,7091994.3,4097730.5,4803547.1,3674664.8,,
Bermuda,BMU,"External debt stocks, short-term (DOD, current US$)",DT.DOD.DSTC.CD,,,,,,,,,,,,,,,,,,,,,,,,,,,,,,,,,,,,,,,,,,,,,,,,,,,,,,,,,,,,,
Bolivia,BOL,"External debt stocks, short-term (DOD, current US$)",DT.DOD.DSTC.CD,,,,,,,,,,,91032000,100389000,118383000,123258000,137258000,156258000,199258000,285258000,364329000,533773325.4,302504074.5,302823213.1,236385028,311349686.6,508985775.6,656053057.1,757278786.5,829255540.4,352613037.1,254918833.3,154302621.6,144946549.6,175958288,207209456,300103234.3,306663668.7,374142597.1,429479123.5,413055336.1,412587000,402436360.6,380000000,370000000,332020000,272400000,181750000,614800000,223000000,270030000,304400000,336340000,323740000,329760000,250400000,288900000,426000000,475000000,270000000,703000000,,
Brazil,BRA,"External debt stocks, short-term (DOD, current US$)",DT.DOD.DSTC.CD,,,,,,,,,,,714020876.8,923022229.4,1415046641.1,1801054970.7,2702061538.3,3306105104.6,4044543195.1,6000976473.1,7077643411,8642818018.7,13539523518.3,15352380193.4,17483417302.3,14262149725.8,11017824013.2,9378448505.2,9429420800.4,13373133528.8,10492175721.7,18013705278.5,23715154534.7,26311969629.6,24089113087.6,31322613713.6,32175432929,31228623433.7,35921638352.6,34849033342,29880547116,29230433690.4,30973172427.9,28273268000,23395008000,24594244000,25267023724.2,23993000000,20323012406.9,39246096480.1,36644096483.8,39786080218,65492336215,42140332332.6,32583031548.5,33506511326.1,58176937891.1,52341440000,57201751000,52408392000,66843894000,,
Barbados,BRB,"External debt stocks, short-term (DOD, current US$)",DT.DOD.DSTC.CD,,,,,,,,,,,,,,,,,,,,,,,,,,,,,,,,,,,,,,,,,,,,,,,,,,,,,,,,,,,,,
Brunei Darussalam,BRN,"External debt stocks, short-term (DOD, current US$)",DT.DOD.DSTC.CD,,,,,,,,,,,,,,,,,,,,,,,,,,,,,,,,,,,,,,,,,,,,,,,,,,,,,,,,,,,,,
Bhutan,BTN,"External debt stocks, short-term (DOD, current US$)",DT.DOD.DSTC.CD,,,,,,,,,,,0,0,0,0,0,0,0,0,0,0,0,0,0,0,0,0,0,0,0,2006000,3263209.1,1492492,891344.4,1710056.7,703052,575384.7,104000,2000000,0,2010000,1530000,30000,1023000,4401000,0,12475624.1,16000000,18000000,8000000,5000000,6000000,8000000,75000000,75000000,3413000,0,87000,3006000,4313000,,
Botswana,BWA,"External debt stocks, short-term (DOD, current US$)",DT.DOD.DSTC.CD,,,,,,,,,,,0,0,0,0,0,0,0,3000000,3000000,17122320,4000000,8000000,3000000,4000000,5000000,2000000,3112164,4255821.5,3755712.9,3558906.7,5776458.8,6634330.5,6304140.1,7758849.3,11228855,10193522.6,6012000,40000000,7430000,19710000,9000000,16000000,13000000,23000000,21000000,42000000,0,22000000,45001540.3,158000000,360000000,407000000,416000000,397251000,472756000,384602000,378875000,107800000,250862781.6,,
Central African Republic,CAF,"External debt stocks, short-term (DOD, current US$)",DT.DOD.DSTC.CD,,,,,,,,,,,85679.8,266910.3,535696.3,893053.8,1435857.6,2182371.7,4199622.6,16082444.1,16211338.8,24067020.6,24582067.9,19452642.7,19442632.2,14939476.3,13303413.4,18075647.4,28275705.1,29377457.3,38408626.5,36780135.4,37743144.2,43956195.7,53896980.9,73133613.6,44263984.4,57136051.4,54741843.2,62836850.4,60130892.7,60239112.7,38057029.9,33919886.7,53264462.7,101152256,111931173.3,108952752.9,114277037.7,98545631.6,89244170.2,85500112,85925502.8,111155360.8,85454787.4,88514998.7,88688555.8,90316520.7,88743924.1,94395170.9,90327481.1,,
Canada,CAN,"External debt stocks, short-term (DOD, current US$)",DT.DOD.DSTC.CD,,,,,,,,,,,,,,,,,,,,,,,,,,,,,,,,,,,,,,,,,,,,,,,,,,,,,,,,,,,,,
Central Europe and the Baltics,CEB,"External debt stocks, short-term (DOD, current US$)",DT.DOD.DSTC.CD,,,,,,,,,,,,,,,,,,,,,,,,,,,,,,,,,,,,,,,,,,,,,,,,,,,,,,,,,,,,,
Switzerland,CHE,"External debt stocks, short-term (DOD, current US$)",DT.DOD.DSTC.CD,,,,,,,,,,,,,,,,,,,,,,,,,,,,,,,,,,,,,,,,,,,,,,,,,,,,,,,,,,,,,
Channel Islands,CHI,"External debt stocks, short-term (DOD, current US$)",DT.DOD.DSTC.CD,,,,,,,,,,,,,,,,,,,,,,,,,,,,,,,,,,,,,,,,,,,,,,,,,,,,,,,,,,,,,
Chile,CHL,"External debt stocks, short-term (DOD, current US$)",DT.DOD.DSTC.CD,,,,,,,,,,,,,,,,,,,,,,,,,,,,,,,,,,,,,,,,,,,,,,,,,,,,,,,,,,,,,
China,CHN,"External debt stocks, short-term (DOD, current US$)",DT.DOD.DSTC.CD,,,,,,,,,,,0,0,0,0,0,0,0,0,0,0,0,0,2300000000,3984000000,5600000000,6419000000,6076000000,8221000000,8806000000,6907000000,9317000000,10780000000,13765000000,15296000000,17483000000,22325450000,25407080000,31464000000,17340000000,15180000000,13080000000,56300000000,65680000000,88093000000,115770000000,148267000000,173377000000,203698000000,187188000000,240509000071.4,512323000066.2,771361000064.1,792108000065.4,1077031000068.4,1239452085974.1,822244079544.5,801396077737.5,1030633085053.2,1218901082134.2,,
Cote d'Ivoire,CIV,"External debt stocks, short-term (DOD, current US$)",DT.DOD.DSTC.CD,,,,,,,,,,,107000000,148000000,167000000,248000000,305000000,420000000,524000000,478000000,729006000,857087000,1059323000,1165580000,1106898000,887345140.5,640680535.2,739140171.6,825933474.7,1404926624.4,1886609024.7,2896470989.7,3596806873.1,3934648635,4419499332.5,5125005212.4,3214736239.6,3909651522.4,5805389971.4,2661115927.2,1575621401.8,1255826511.4,915572340.7,1145850960.2,806251934.3,359423139.2,708420477.2,883004228.2,1821849590.4,1903604628.4,1343910715.4,482437130.3,410947839.4,471509783.4,736849286.7,0,0,0,269196000,27853000,137858000,,
Cameroon,CMR,"External debt stocks, short-term (DOD, current US$)",DT.DOD.DSTC.CD,,,,,,,,,,,0,0,12179.9,51054.3,1191907.5,652899.6,0,111417428.6,164142358.4,242687275.6,278249010.7,252808413,404122274.7,335066579.2,392539930.8,546342530.2,798703961.4,766482031.1,817721300.1,599359707.9,935978872.3,965444535.6,795094877.9,896443369.7,704415638.1,990644866.2,1212222083.1,1279656732,1304859134,1197644145.4,1224016346,924311762.1,735646024.9,360577834.1,547929535.9,333817653.1,493044168.3,237492019.9,40343582.4,2539415.7,8678680.1,68003070.5,157189997.7,442506442.2,176930528.1,298852237.5,262473514.8,527908227.1,443093332.4,,
"Congo, Dem. Rep.",COD,"External debt stocks, short-term (DOD, current US$)",DT.DOD.DSTC.CD,,,,,,,,,,,34000000,40000000,66000000,102126767.7,154806949.2,226453069.9,328304265.4,388983181.3,482874540.3,550544802.3,325726370.3,392186020.9,462963493.3,280414188.9,330725025.7,405485396.8,417477426.3,583669124.5,834972357.3,645386559.4,743510847.8,1082970400.3,1557585474.7,2038609285.4,2549914874.2,3118440971.5,3121514388.5,3302405442.6,3564960235.9,3374017161.3,3431868625,3551258413.7,529036803,470011889.1,467007144,377435956.2,510391471.9,620199933.3,656864492,622021606.7,438100994.7,227015556.5,261587886.4,444907380.3,185925628.5,168413994,218299945.5,129460237.3,97061223.1,,
"Congo, Rep.",COG,"External debt stocks, short-term (DOD, current US$)",DT.DOD.DSTC.CD,,,,,,,,,,,320912.2,656917.5,1486751.1,3032007.9,3818752.3,4493813.6,6975476.5,128383258.9,121782288.1,191911511.4,246884428.2,116479656,186281897.9,172127787.6,194164679.5,678972321.5,701171311.7,896678025.8,585137963.4,757322928,731824647.9,775492887.9,876459477,947796007.2,601775088.4,1010316051.2,515645566.4,732018423,826645398.2,1064170749.3,873920553.9,1121705998.1,973352007.3,1048274978.4,950076190.4,787660655.9,814056432.3,325553760,267077872.1,255745616.7,197001348.5,148776449.9,193270946.4,229390380.7,209768887.9,448271347.7,186172207.4,324555677.3,304743509.6,,
Colombia,COL,"External debt stocks, short-term (DOD, current US$)",DT.DOD.DSTC.CD,,,,,,,,,,,602000000,677000000,761000000,855000000,901000000,1012000000,1062000000,1964000000,1927000000,2012000000,2337000000,2774000000,3124003000,3260000000,2868000763.8,3104094051.5,1597012238.7,1655924624.1,1610428707.9,1616917259.3,1438368896,1751194732.3,2550970794.6,3652534315.9,4491523494.9,5544916446.8,5883747000,5759000000,6232410000,3965094000,2870954000,3287000000,3659000000,3556000000,5119600000,5636873000,4762523000,5160664000,5632913000,4012706000,7912264000,10596094000,10333992000,10890771000,12221311000,11934868000,11280179000,13028715000,15105427000,,
Comoros,COM,"External debt stocks, short-term (DOD, current US$)",DT.DOD.DSTC.CD,,,,,,,,,,,0,0,0,0,0,0,30530,1128253.6,1358185.6,1652411.9,1002000,2054000,1108936.8,2172230.2,3247652.4,4565827.4,7705225,15163270.7,11000645.7,12780364.9,12394301.9,12523664.5,11789662.1,13998060.2,9842225.9,9988028.3,9362482.6,13815938.1,12788211.4,19841976.4,28134324.6,23898536.7,29392135.8,27467966.1,33988537.7,33739109,36331315.5,11623335.5,5598493.9,4744529.7,4423143.8,4673920.4,4125469.6,1605516.1,1599581.4,1473066.1,1516180.4,1102036.9,1168495.5,,
Cabo Verde,CPV,"External debt stocks, short-term (DOD, current US$)",DT.DOD.DSTC.CD,,,,,,,,,,,0,0,0,0,0,0,0,0,5000000,1000000,0,6000,12000,1928.6,0,1022935.5,6871153.5,10407803.7,4516031.1,2435071,4650888.4,4709237.2,6005597.2,6957018.6,9777251.2,29217949.1,5927932.7,6955998.6,5509087.4,19237639.9,3908398.9,3605129.4,3122285.2,1783819.7,1046652.5,939808.3,721000,1287000,1441540.3,1500000,1500000,1500000,1500000,1500000,1500000,1500000,1500000,1500000,1500000,,
Costa Rica,CRI,"External debt stocks, short-term (DOD, current US$)",DT.DOD.DSTC.CD,,,,,,,,,,,41000000,47006000,57000000,67083000,85000000,115000000,142000000,223027000,284315000,353011000,575529000,621878629.7,778408908.1,503228513.9,338743006.1,380199845,475082890.6,584351523.4,601954395.9,712123538.8,385049793,353060958.7,355026110.9,384683492.7,407773924.9,443035973.7,385434683.2,546446907.7,696376329.7,784240405.8,962211168.7,1167387569.2,1504373562.8,1632326738.6,1672398562.2,2096807637.5,2355431636,3233704000,3988645000,2243432000,2430970000,2810150000,2903510000,2410933000,2346747000,2604033000,2554826000,2538418000,3369553000,,
Caribbean small states,CSS,"External debt stocks, short-term (DOD, current US$)",DT.DOD.DSTC.CD,,,,,,,,,,,,,,,,,,,,,,,,,,,,,,,,,,,,,,,,,,,,,,,,,,,,,,,,,,,,,
Cuba,CUB,"External debt stocks, short-term (DOD, current US$)",DT.DOD.DSTC.CD,,,,,,,,,,,,,,,,,,,,,,,,,,,,,,,,,,,,,,,,,,,,,,,,,,,,,,,,,,,,,
Curacao,CUW,"External debt stocks, short-term (DOD, current US$)",DT.DOD.DSTC.CD,,,,,,,,,,,,,,,,,,,,,,,,,,,,,,,,,,,,,,,,,,,,,,,,,,,,,,,,,,,,,
Cayman Islands,CYM,"External debt stocks, short-term (DOD, current US$)",DT.DOD.DSTC.CD,,,,,,,,,,,,,,,,,,,,,,,,,,,,,,,,,,,,,,,,,,,,,,,,,,,,,,,,,,,,,
Cyprus,CYP,"External debt stocks, short-term (DOD, current US$)",DT.DOD.DSTC.CD,,,,,,,,,,,,,,,,,,,,,,,,,,,,,,,,,,,,,,,,,,,,,,,,,,,,,,,,,,,,,
Czech Republic,CZE,"External debt stocks, short-term (DOD, current US$)",DT.DOD.DSTC.CD,,,,,,,,,,,,,,,,,,,,,,,,,,,,,,,,,,,,,,,,,,,,,,,,,,,,,,,,,,,,,
Germany,DEU,"External debt stocks, short-term (DOD, current US$)",DT.DOD.DSTC.CD,,,,,,,,,,,,,,,,,,,,,,,,,,,,,,,,,,,,,,,,,,,,,,,,,,,,,,,,,,,,,
Djibouti,DJI,"External debt stocks, short-term (DOD, current US$)",DT.DOD.DSTC.CD,,,,,,,,,,,0,0,0,0,0,0,0,0,0,0,0,0,0,0,326750,0,56471.3,0,0,534,73405.5,159952.5,650467.1,1550565,2755833.5,3538425.8,4234496.7,4252481.4,6302181.3,6549856.3,44468397.5,46014302.1,35183208.6,11249673.3,47122946,87247944.6,105168047.2,140912069.7,146721027.9,120254634.8,121504449.5,88640005.9,112297207,97920091.4,77035898.9,3965717.5,53664636.4,332973722.1,243689313.7,,
Dominica,DMA,"External debt stocks, short-term (DOD, current US$)",DT.DOD.DSTC.CD,,,,,,,,,,,0,0,0,0,0,10117.5,18726.4,40026,56966,108976,295740,104940,200198,0,0,0,0,8614.5,2632000,1870000,2020000,3049000,3111061,919000,7011609.8,6766284.9,15604322.6,12001111.1,17870976.8,18833120.3,19002972.2,22012667.9,26343626.8,73820383.8,70148553,40563788.7,22002830.2,19501740.8,22647620.8,22042000,5540000,5550000,5550000,5576887.6,5504378.3,5548000,8844644.9,10827000,13139000,,
Denmark,DNK,"External debt stocks, short-term (DOD, current US$)",DT.DOD.DSTC.CD,,,,,,,,,,,,,,,,,,,,,,,,,,,,,,,,,,,,,,,,,,,,,,,,,,,,,,,,,,,,,
Dominican Republic,DOM,"External debt stocks, short-term (DOD, current US$)",DT.DOD.DSTC.CD,,,,,,,,,,,204000,830000,1085000,557000,288960,615947,2052172,167263994,258113230,319319272,480386036.6,637894758,530894037.4,297820910.1,371053346.1,363794292.3,307064553.7,286581616.7,373382364.5,491783466.9,782208240.9,561984225.9,687059202.6,831615928.1,430770846.8,615853393,706725954.1,750177412.2,865068532.7,1047121071.6,1143781189.4,1256119418.6,1963039284.5,1031469864.5,915464262.8,887127561.4,1395396676.3,2480000927,1939779699,1754869567.7,1754280000,1800000000,1753283000,1753040000,2486234000,3179389000,3052654000,2001468000,2118389000,,
Algeria,DZA,"External debt stocks, short-term (DOD, current US$)",DT.DOD.DSTC.CD,,,,,,,,,,,0,0,0,0,0,0,0,1686000000,1985000000,1933000000,2325000000,2307000000,2751000000,1957000000,1759000000,1862000000,3152090000,1315400000,1620510000,1839700000,791081091.6,1239017165.2,793953476.5,701869980.8,636564580.9,260758957,327839000,162160000,186010000,195376000,222144000,198664000,107544628.5,145525401.8,430815871.1,516011000,540821000,749690000,1303740000,1492460000,1778220000,1141626000,1205000000,1328000000,1974930000,1823080000,1985910000,2096310000,2319190000,,
East Asia & Pacific (excluding high income),EAP,"External debt stocks, short-term (DOD, current US$)",DT.DOD.DSTC.CD,,,,,,,,,,,1204438841.5,1409796185,1628820332,1794002000,2216242924.6,2755090958.2,3626364525.8,5782690230.1,7808795174.1,9816487793.7,12738011744.5,15779172322.9,20491862228.8,21454211037.3,24200600827.2,25011923960.8,20862127995.8,21217833433.4,24479232226.4,26691604242.3,35347499655.6,44922116822.9,55249978175.4,64100037314.2,74981278363.5,101418765932.6,117531913889.2,116918421368.1,75842420532.1,66606682746.5,56608982444.6,96918042357,102307745998.3,126807836957.2,157230424116.4,184942299212.6,211941811824.1,253498463952.7,240756597402.8,308594601555.4,615994688686.1,882395522489.4,926543358565.3,1218769417621.7,1377474335901.5,945737990338.8,928807593007.9,1184983369493.1,1375210449598.1,,
Early-demographic dividend,EAR,"External debt stocks, short-term (DOD, current US$)",DT.DOD.DSTC.CD,,,,,,,,,,,,,,,,,,,,,,,,,,,,,,,,,,,,,,,,,,,,,,,,,,,,,,,,,,,,,
East Asia & Pacific,EAS,"External debt stocks, short-term (DOD, current US$)",DT.DOD.DSTC.CD,,,,,,,,,,,,,,,,,,,,,,,,,,,,,,,,,,,,,,,,,,,,,,,,,,,,,,,,,,,,,
Europe & Central Asia (excluding high income),ECA,"External debt stocks, short-term (DOD, current US$)",DT.DOD.DSTC.CD,,,,,,,,,,,989000000,1217515000,1368000000,1632000000,1833000000,2045000000,2468000000,6996000000,8357007000,5413380622.4,6944458690.4,6479436912.1,4924821175.3,4025257667.4,4776745212.2,13267000000,15791000000,18604000000,20067000000,26556400000,24102415569.2,25007621825.7,29853553195.5,32198006808.9,26668766942.5,31359493262.4,35899987720.8,34362779002.8,45616365681.9,48208005095.2,55515379342.4,55752487372.5,52516331447.4,77325362351.3,87313384022,107229837658.3,147580868123.4,238917641875.2,221156699418.5,185193037952.7,229608277894.1,250198330812.7,281963771250.4,316281777804.7,279505609393.9,219126521036.6,218706651315.5,248727087418.4,243382174377.7,,
Europe & Central Asia,ECS,"External debt stocks, short-term (DOD, current US$)",DT.DOD.DSTC.CD,,,,,,,,,,,,,,,,,,,,,,,,,,,,,,,,,,,,,,,,,,,,,,,,,,,,,,,,,,,,,
Ecuador,ECU,"External debt stocks, short-term (DOD, current US$)",DT.DOD.DSTC.CD,,,,,,,,,,,106000000,119000000,130329000,139000000,170000000,198000000,240000000,856000000,1198000000,1149000000,1575039000,2021078000,2191117000,1166001000,1285075037.2,989308660.6,503241426.4,894613495.1,1193366612.5,1407242892.3,1813990361,2192252508,2248505427.6,3863815469.6,4100354994.9,1312069138.6,1586304483.7,2068824715.4,2271448299.9,1130460730,797073356.3,1383675250.8,2314444446.2,1714618324.3,1724090300.5,1520329882.4,1772065475.8,1894456160.8,1653811193.8,1345520212.3,1063920607.1,845042267.1,783012202.3,855906456.8,845173325.2,894528746.5,668287275.2,872585786.7,751340975.1,,
"Egypt, Arab Rep.",EGY,"External debt stocks, short-term (DOD, current US$)",DT.DOD.DSTC.CD,,,,,,,,,,,401201540.7,478672614.7,476173132,525842770.8,594884561.2,1124144117.2,1521337059.1,4348190713.5,3386468040.4,3791987082.5,4027063840,3640121904,5068765299.2,5203618530.8,5783000194.3,6196632519.6,7123685575.8,6361658026.9,6872111342.2,7885667292.3,4450231963.6,3100769460.6,2517683164.5,2004616883.4,1932643732.7,2372171596.5,2347970187.1,2992553403.1,4261722132.8,4294005736.7,4103976600.2,2207081000,2150067000,1864826792.2,1718865860.3,1655573197,1719592504.4,2235664160.5,2842474080.5,2561364135.4,3149020000,3025611535.3,6657221536.9,2816250000,3320830000,4424190000,11945250000,11128440000,10341020000,,
Euro area,EMU,"External debt stocks, short-term (DOD, current US$)",DT.DOD.DSTC.CD,,,,,,,,,,,,,,,,,,,,,,,,,,,,,,,,,,,,,,,,,,,,,,,,,,,,,,,,,,,,,
Eritrea,ERI,"External debt stocks, short-term (DOD, current US$)",DT.DOD.DSTC.CD,,,,,,,,,,,0,0,0,0,0,0,0,0,0,0,0,0,0,0,0,0,0,0,0,0,0,0,0,0,0,0,0,0,0,0,11950943.6,18899000,30929000,28444917.4,32708224.9,12555022.3,18561364.2,17103254.4,17472125.5,13904019.4,16178667.9,18352114.1,18648416.7,26315341.9,56618391.3,70457191.4,27200108.9,27743241,34819538,,
Spain,ESP,"External debt stocks, short-term (DOD, current US$)",DT.DOD.DSTC.CD,,,,,,,,,,,,,,,,,,,,,,,,,,,,,,,,,,,,,,,,,,,,,,,,,,,,,,,,,,,,,
Estonia,EST,"External debt stocks, short-term (DOD, current US$)",DT.DOD.DSTC.CD,,,,,,,,,,,,,,,,,,,,,,,,,,,,,,,,,,,,,,,,,,,,,,,,,,,,,,,,,,,,,
Ethiopia,ETH,"External debt stocks, short-term (DOD, current US$)",DT.DOD.DSTC.CD,,,,,,,,,,,352000,423260.5,746895,27902,17414,106347.5,530477,53399930,52279000,64670304,56515000,58626820.7,67871225.8,62740593.6,67730468.4,77340837.5,83289000,97561591,133608305,111754535.6,145405222.9,275744720.5,318646857,368129041.8,423921411.3,460656408.5,501862457.1,565772607.5,626004063,87447449.3,85825759.7,53672134.6,56914708.7,64119572.9,72814020.1,127913139,62994572.9,66179228.6,57979886.4,229000696.4,302080274,180990472.7,36090022.3,203836189.6,291806700.1,549955174.6,927483313.1,634011719.6,749308553.8,,
European Union,EUU,"External debt stocks, short-term (DOD, current US$)",DT.DOD.DSTC.CD,,,,,,,,,,,,,,,,,,,,,,,,,,,,,,,,,,,,,,,,,,,,,,,,,,,,,,,,,,,,,
Fragile and conflict affected situations,FCS,"External debt stocks, short-term (DOD, current US$)",DT.DOD.DSTC.CD,,,,,,,,,,,,,,,,,,,,,,,,,,,,,,,,,,,,,,,,,,,,,,,,,,,,,,,,,,,,,
Finland,FIN,"External debt stocks, short-term (DOD, current US$)",DT.DOD.DSTC.CD,,,,,,,,,,,,,,,,,,,,,,,,,,,,,,,,,,,,,,,,,,,,,,,,,,,,,,,,,,,,,
Fiji,FJI,"External debt stocks, short-term (DOD, current US$)",DT.DOD.DSTC.CD,,,,,,,,,,,0,0,0,0,0,0,30419.2,26194038,10000000,23215874.7,36298125,39000000,22001000,26000000,22000000,19000000,20000000,21500000,31360000,14000000,12019086.2,11455590.6,30545388.6,46770637.8,16110703.6,15019309.4,18540358.8,28147964.1,203014.5,194892.4,11199127,12213665.4,32380109,64346062,60400457.4,107370425.8,12993522.9,21277536,17400710.9,56100468.7,78106244.5,200099735.5,32107564.6,36839986.7,67916000,81483000,97287000,63643000,44550000,,
France,FRA,"External debt stocks, short-term (DOD, current US$)",DT.DOD.DSTC.CD,,,,,,,,,,,,,,,,,,,,,,,,,,,,,,,,,,,,,,,,,,,,,,,,,,,,,,,,,,,,,
Faroe Islands,FRO,"External debt stocks, short-term (DOD, current US$)",DT.DOD.DSTC.CD,,,,,,,,,,,,,,,,,,,,,,,,,,,,,,,,,,,,,,,,,,,,,,,,,,,,,,,,,,,,,
"Micronesia, Fed. Sts.",FSM,"External debt stocks, short-term (DOD, current US$)",DT.DOD.DSTC.CD,,,,,,,,,,,,,,,,,,,,,,,,,,,,,,,,,,,,,,,,,,,,,,,,,,,,,,,,,,,,,
Gabon,GAB,"External debt stocks, short-term (DOD, current US$)",DT.DOD.DSTC.CD,,,,,,,,,,,13000000,18000000,29000000,50000000,66000000,111000000,155000000,221000000,214000000,241000000,228028059,147111740.1,173000000,233101709.2,251089712.1,262006215.5,479136313.6,406117004,411419341.2,604939073.7,692603061.6,877794268,720703356.7,882917052.5,387145783.8,287404970.5,219084000,482000000,478387706.9,602643035.6,355458489.8,300821802.6,229953151.8,323601270.8,182974900.9,245106353.3,427267723.2,446316633.3,115163329.5,103658939,170328547.1,185034000,111106871.4,273000000,73000000,210274369.2,240275318.5,207293177,187373964.9,,
United Kingdom,GBR,"External debt stocks, short-term (DOD, current US$)",DT.DOD.DSTC.CD,,,,,,,,,,,,,,,,,,,,,,,,,,,,,,,,,,,,,,,,,,,,,,,,,,,,,,,,,,,,,
Georgia,GEO,"External debt stocks, short-term (DOD, current US$)",DT.DOD.DSTC.CD,,,,,,,,,,,0,0,0,0,0,0,0,0,0,0,0,0,0,0,0,0,0,0,0,0,0,0,0,164528,485433069.3,85451047.9,63519935.8,21616532.6,28191785.9,6998202.3,43748418,77704579.4,33133000,38084000,106266000,50373382.8,435718000,663657000,1036507000,924532000,1100696000,1545778000,2158902000,2080705000,2150516000,2043373000,2354426000,2442584000,2669160000,,
Ghana,GHA,"External debt stocks, short-term (DOD, current US$)",DT.DOD.DSTC.CD,,,,,,,,,,,5086059.6,5317071.5,16269338.1,25647967.4,9142844,5811203.7,3072227.3,224279288.5,366771579,203747932.4,130783523.3,286208991.6,207841790.4,92818283.6,242672204.1,190357573.6,189030268.4,121567064.2,78212531.3,204715099.3,320065160.3,393466789.9,414377141.1,473768909.5,579993146.7,621212082.5,653693867.4,677396522.6,721487529.9,718129386,529698483.7,458722032.6,636974456.3,757200701.5,550567536.3,771822630.6,1181681101.9,1219362663.6,1126524744.2,1511141146.9,2091658181.1,2694291451,2607279862,3650599387.7,3082152897.4,3304161927.2,2788636015.9,3322755585.6,3633801455.1,,
Gibraltar,GIB,"External debt stocks, short-term (DOD, current US$)",DT.DOD.DSTC.CD,,,,,,,,,,,,,,,,,,,,,,,,,,,,,,,,,,,,,,,,,,,,,,,,,,,,,,,,,,,,,
Guinea,GIN,"External debt stocks, short-term (DOD, current US$)",DT.DOD.DSTC.CD,,,,,,,,,,,4905720.4,8767927.8,12256683.8,17481573.9,20408959.4,22848665.6,26700655.4,67174928,74417247.9,115765361,80061848.3,91201939.5,93145596.1,98550711.5,96058364.8,131816255.9,92466334.1,137277054.4,175086215.4,146578670.1,173337294.6,169795012.1,123751461.6,129830528.9,153461469.8,163848239.9,178591704.8,412085491.5,295153314.4,288631183.1,306415353.2,216123934.6,288209415.2,79543879.7,81923155.5,172414296.8,140546322,151016020,141797104,38406661.8,130712027.3,61474932.4,113503571.2,117081888.4,81713715.4,118841841.9,90384050,118479530.9,152057183.6,,
"Gambia, The",GMB,"External debt stocks, short-term (DOD, current US$)",DT.DOD.DSTC.CD,,,,,,,,,,,0,0,0,0,0,0,0,7015201.9,10037746.2,20000000,23279920.8,18493285.5,19637307.1,24920032.7,45643328.3,35401675.3,28474201.9,23376203.4,13599414.1,11100765.3,15731793.1,20503916.8,21574175,42608192.8,23612032.2,14825198.2,22575580.8,13228130.2,15487295,22177568.4,27321693,26753652.4,37396355.1,32771523.9,26915971.4,22386734.5,17868603.1,21617220,15944275.2,43320788.1,44688919.1,1423167,22616101.5,12389255.1,13291241.9,11625286.8,17921477,14039093,17946421.3,,
Guinea-Bissau,GNB,"External debt stocks, short-term (DOD, current US$)",DT.DOD.DSTC.CD,,,,,,,,,,,0,0,0,0,0,0,107000,1217000,5428063.1,3673818.4,4931049.6,4401379.7,15072689.3,37255546.4,49772570.7,40257996.9,21461836.8,31743192,38028367.4,38366364.4,56464205.4,63480083.3,63934939,69695518.2,86167709.1,94884943.8,74335550.9,71978470.5,77574966.3,83744400.9,100420138.8,98630673,112623196.1,123763944.8,120510294.1,120657362.8,126297933.2,149428186.3,146451408.1,154508271.3,106067294.3,33122093.3,34054947.7,33125477.2,32858357.4,53267150.4,32794040.4,33861742.3,42543045.1,,
Equatorial Guinea,GNQ,"External debt stocks, short-term (DOD, current US$)",DT.DOD.DSTC.CD,,,,,,,,,,,,,,,,,,,,,,,,,,,,,,,,,,,,,,,,,,,,,,,,,,,,,,,,,,,,,
Greece,GRC,"External debt stocks, short-term (DOD, current US$)",DT.DOD.DSTC.CD,,,,,,,,,,,,,,,,,,,,,,,,,,,,,,,,,,,,,,,,,,,,,,,,,,,,,,,,,,,,,
Grenada,GRD,"External debt stocks, short-term (DOD, current US$)",DT.DOD.DSTC.CD,,,,,,,,,,,0,0,0,0,0,0,0,1000000,1000000,2000000,1000000,2000000,2000000,2523666.6,1834993,1648393.5,2231578.2,3376782.2,9609969.2,10556894,12855175.6,13647632.5,11485275.3,43195737.9,15605829,14628931.9,20813576.3,7980043.9,64114990.6,23657721.3,17540779.6,49728545.8,75902371.4,63233772.1,72319469.2,7352465.3,32836296.5,44965360.5,64217089.1,38301075,37576805.7,15825919.4,70829166.2,46449460.2,78989798,18988258.1,26773885.9,22036555.6,117731000,,
Greenland,GRL,"External debt stocks, short-term (DOD, current US$)",DT.DOD.DSTC.CD,,,,,,,,,,,,,,,,,,,,,,,,,,,,,,,,,,,,,,,,,,,,,,,,,,,,,,,,,,,,,
Guatemala,GTM,"External debt stocks, short-term (DOD, current US$)",DT.DOD.DSTC.CD,,,,,,,,,,,39000000,44000000,46000000,54000000,63000000,79000000,94000000,255000000,259000000,301000000,335000000,136400000,119700000,119200000,151703000,266591000,312290582.3,284314478.9,299999111.4,327371827.1,418024640.2,395381947.5,474313269.3,633924519.9,649995492,812102873,1016481681.8,1019482249.3,1029340012.8,1087260955.3,1172022872.6,1238970000,1232547000,1569709000,1615943000,1452943000,1474000000,2004000000,2151000000,1226000000,1585000000,2265000000,926404019.3,945400000,951200000,844100000,920400000,1042300000,913800000,,
Guam,GUM,"External debt stocks, short-term (DOD, current US$)",DT.DOD.DSTC.CD,,,,,,,,,,,,,,,,,,,,,,,,,,,,,,,,,,,,,,,,,,,,,,,,,,,,,,,,,,,,,
Guyana,GUY,"External debt stocks, short-term (DOD, current US$)",DT.DOD.DSTC.CD,,,,,,,,,,,0,0,538000,326000,1035000,1631000,1203376,47468869.6,78656008,73435838.5,117975814.6,112988973.3,167565937.4,405422157.2,493487929.7,618625978.5,665734316.7,654046046.5,761528782.5,265678203.7,74676180.8,49930541.2,54471506.2,45071172.8,71327988.3,149860776.7,85099838.4,102308856,126686918,138179273,109438915.2,112382243.8,126136965.6,117794060,114175647.5,84004034.3,162147012.5,183097666.4,235785984.5,451986299,333317712.7,770008532.5,587878984.8,1025701057.2,919033285.3,311100570.1,243205647.9,116233887.9,125065393.3,,
High income,HIC,"External debt stocks, short-term (DOD, current US$)",DT.DOD.DSTC.CD,,,,,,,,,,,,,,,,,,,,,,,,,,,,,,,,,,,,,,,,,,,,,,,,,,,,,,,,,,,,,
"Hong Kong SAR, China",HKG,"External debt stocks, short-term (DOD, current US$)",DT.DOD.DSTC.CD,,,,,,,,,,,,,,,,,,,,,,,,,,,,,,,,,,,,,,,,,,,,,,,,,,,,,,,,,,,,,
Honduras,HND,"External debt stocks, short-term (DOD, current US$)",DT.DOD.DSTC.CD,,,,,,,,,,,0,0,0,0,0,0,0,149000000,173009000,264964000,272212000,241548000,151710051.2,141693228.5,198865108.4,302872193,361697064.5,408881474.9,414583901.2,400148351.3,200663316,193479867,180445735.1,223982079.2,324820432.7,380445835.8,418688355,487377780.9,531568386.4,448862341.4,373540819.5,329252426,523873811.8,432395214.1,422869436.2,321236812.3,284753768.7,316849135.6,465535230.4,249249238.2,374241464,267392639.3,401589880.3,511859258.7,503700353.7,490882782.7,439180186.3,493015259.6,703364956.2,,
Heavily indebted poor countries (HIPC),HPC,"External debt stocks, short-term (DOD, current US$)",DT.DOD.DSTC.CD,,,,,,,,,,,,,,,,,,,,,,,,,,,,,,,,,,,,,,,,,,,,,,,,,,,,,,,,,,,,,
Croatia,HRV,"External debt stocks, short-term (DOD, current US$)",DT.DOD.DSTC.CD,,,,,,,,,,,,,,,,,,,,,,,,,,,,,,,,,,,,,,,,,,,,,,,,,,,,,,,,,,,,,
Haiti,HTI,"External debt stocks, short-term (DOD, current US$)",DT.DOD.DSTC.CD,,,,,,,,,,,0,0,0,0,0,990000,0,8000000,6000000,19000000,14000000,24149991.1,74059112.3,50809266.1,88724676.6,99483473.5,56205081.4,90619074,87625867.6,76924207.8,100863631,105118364.9,112610469.1,122301161,48851705.7,26628000,36278000,107187000,29784000,96039000,90296319.8,185165000,154074000,117283509.9,28211327.1,14739231.7,18140991.9,142000,283000,90000,111342.9,30000,73000,83000,803000,4087000,998000,2122000,110000,,
Hungary,HUN,"External debt stocks, short-term (DOD, current US$)",DT.DOD.DSTC.CD,,,,,,,,,,,,,,,,,,,,,,,,,,,,,,,,,,,,,,,,,,,,,,,,,,,,,,,,,,,,,
IBRD only,IBD,"External debt stocks, short-term (DOD, current US$)",DT.DOD.DSTC.CD,,,,,,,,,,,,,,,,,,,,,,,,,,,,,,,,,,,,,,,,,,,,,,,,,,,,,,,,,,,,,
IDA & IBRD total,IBT,"External debt stocks, short-term (DOD, current US$)",DT.DOD.DSTC.CD,,,,,,,,,,,,,,,,,,,,,,,,,,,,,,,,,,,,,,,,,,,,,,,,,,,,,,,,,,,,,
IDA total,IDA,"External debt stocks, short-term (DOD, current US$)",DT.DOD.DSTC.CD,,,,,,,,,,,,,,,,,,,,,,,,,,,,,,,,,,,,,,,,,,,,,,,,,,,,,,,,,,,,,
IDA blend,IDB,"External debt stocks, short-term (DOD, current US$)",DT.DOD.DSTC.CD,,,,,,,,,,,,,,,,,,,,,,,,,,,,,,,,,,,,,,,,,,,,,,,,,,,,,,,,,,,,,
Indonesia,IDN,"External debt stocks, short-term (DOD, current US$)",DT.DOD.DSTC.CD,,,,,,,,,,,346438841.5,470796185,581820332,718000000,899000000,1135000000,1383000000,1925000000,1786000000,2108000000,2775000000,3274000000,3616000000,4639000000,5408000000,6049000000,6466000000,6360299594.9,6727000000,7975000000,11135300000,14314800000,18057100000,17987000000,19457000000,25966300000,32230440000,32865000000,20112700000,20029080000,21688024000,20031024000,17626024000,19476747000,22024000000,11022500000,12208300000,18655399000,20488290000,24049500000,33047270000,38173360000,44253420000,46110170000,45959810000,38430970000,40685025000,46731000000,53007447000,,
IDA only,IDX,"External debt stocks, short-term (DOD, current US$)",DT.DOD.DSTC.CD,,,,,,,,,,,,,,,,,,,,,,,,,,,,,,,,,,,,,,,,,,,,,,,,,,,,,,,,,,,,,
Isle of Man,IMN,"External debt stocks, short-term (DOD, current US$)",DT.DOD.DSTC.CD,,,,,,,,,,,,,,,,,,,,,,,,,,,,,,,,,,,,,,,,,,,,,,,,,,,,,,,,,,,,,
India,IND,"External debt stocks, short-term (DOD, current US$)",DT.DOD.DSTC.CD,,,,,,,,,,,283000000,318000000,350000000,378000000,437000000,473000000,499000000,432000000,651000000,698000000,1271000000,1597000000,2397000000,3338000000,3672000000,4358000000,4946000000,5673000000,6358000000,7501000000,8544000000,7070000000,6340000000,3626000000,4264000000,5049000000,6726000000,5046000000,4329000000,3933000000,3462000000,2742000000,4093000000,6327001000,6864000000,8816000000,25097000000,36093000000,43821387000,46603000000,56448000000,78052000000,93349000000,92706062000,85574341000,81562824000,83932884000,97608593000,104171177650.1,,
Not classified,INX,"External debt stocks, short-term (DOD, current US$)",DT.DOD.DSTC.CD,,,,,,,,,,,,,,,,,,,,,,,,,,,,,,,,,,,,,,,,,,,,,,,,,,,,,,,,,,,,,
Ireland,IRL,"External debt stocks, short-term (DOD, current US$)",DT.DOD.DSTC.CD,,,,,,,,,,,,,,,,,,,,,,,,,,,,,,,,,,,,,,,,,,,,,,,,,,,,,,,,,,,,,
"Iran, Islamic Rep.",IRN,"External debt stocks, short-term (DOD, current US$)",DT.DOD.DSTC.CD,,,,,,,,,,,0,0,0,0,0,0,0,0,0,0,27000,67759038.4,4769213596,4139344128.9,2703098582.9,3666881528.5,3413776402,3864384378.9,3775698227.1,4656823758,7224061119.8,9265787775.3,14303688232.6,17603487625.2,6711537336,6449492038.5,4754917488.2,3353881804.1,4503000448.3,3618010216.8,3677800000,2651800000,2077000000,4791000000,10253000000,10686000000,9100000000,9891000000,6599000000,8787000000,11613000000,10320000000,943000000,776700000,431700000,2019400000,3314485523.8,4198931716.9,3958768033.9,,
Iraq,IRQ,"External debt stocks, short-term (DOD, current US$)",DT.DOD.DSTC.CD,,,,,,,,,,,,,,,,,,,,,,,,,,,,,,,,,,,,,,,,,,,,,,,,,,,,,,,,,,,,,
Iceland,ISL,"External debt stocks, short-term (DOD, current US$)",DT.DOD.DSTC.CD,,,,,,,,,,,,,,,,,,,,,,,,,,,,,,,,,,,,,,,,,,,,,,,,,,,,,,,,,,,,,
Israel,ISR,"External debt stocks, short-term (DOD, current US$)",DT.DOD.DSTC.CD,,,,,,,,,,,,,,,,,,,,,,,,,,,,,,,,,,,,,,,,,,,,,,,,,,,,,,,,,,,,,
Italy,ITA,"External debt stocks, short-term (DOD, current US$)",DT.DOD.DSTC.CD,,,,,,,,,,,,,,,,,,,,,,,,,,,,,,,,,,,,,,,,,,,,,,,,,,,,,,,,,,,,,
Jamaica,JAM,"External debt stocks, short-term (DOD, current US$)",DT.DOD.DSTC.CD,,,,,,,,,,,6943.1,0,0,418076,554000,0,0,103000000,80000000,106000000,98000000,93553044,103271161,286643277.8,251436967.2,189588139.6,188540532.2,237263678.2,295339339.4,391194955.1,346332495.7,280997195.3,310827337.1,288071183.7,482654796.1,491693326.4,574636688.6,685135147.1,630696733.7,784231974,792784905,931136742,781159324.4,988567102.6,1097840193.5,616243948.9,1098639030.1,1534328016.3,1259296044.7,748680448.1,1089316335.1,987697889.8,1764828770.6,1439695134.3,1468744233.9,1491664000,1631752000,1696440301.9,1993453000,,
Jordan,JOR,"External debt stocks, short-term (DOD, current US$)",DT.DOD.DSTC.CD,,,,,,,,,,,0,1203840,1793400,727920,1436281.6,2094153.6,3503995.2,116368506.6,209506730,289247336,485349003.9,528297756,608134701.5,577011379.8,675852205.9,691528000,763572000,1321044000,330845303.9,802719182.7,1036847829.7,1992014478.2,777352014.9,751108215.6,674247844,784853954.1,592150487.5,743257750.5,593224917.9,870896684.1,4396209210.4,4742623466.7,5325342539,4950372864.4,5407520686.2,5742051015.4,6600356485,7443801000.8,8596330611.7,8518031520.8,9048795123.3,9594257249.9,9736785552.6,10873205320.9,10887554391.5,10306680221.4,10469574248.2,10932503396.4,11510572560.6,,
Japan,JPN,"External debt stocks, short-term (DOD, current US$)",DT.DOD.DSTC.CD,,,,,,,,,,,,,,,,,,,,,,,,,,,,,,,,,,,,,,,,,,,,,,,,,,,,,,,,,,,,,
Kazakhstan,KAZ,"External debt stocks, short-term (DOD, current US$)",DT.DOD.DSTC.CD,,,,,,,,,,,0,0,0,0,0,0,0,0,0,0,0,0,0,0,0,0,0,0,0,0,0,0,9230000,21625120.4,232346464.2,381409000,221240000,349000000,423823000,474097000,961000000,1342000000,1842000000,2812900000,3942810000,8102430000,12445218000,11529681000,9486767000,6985137000,8864495000,8755611000,9086335000,9496688000,9780884000,6478448000,6960666000,7646810000,8365396000,,
Kenya,KEN,"External debt stocks, short-term (DOD, current US$)",DT.DOD.DSTC.CD,,,,,,,,,,,69038400,72000000,84011740.5,122004646.4,166000000,187000000,216010214.4,303000000,403000000,429000000,640382531.8,470251673.4,339573930.2,408412123.2,376030312,470000213.9,372016424.8,591686280.2,534031917.6,609978054,934284411.4,707575394.1,776728684.6,902647474.1,677108016.7,633502118.9,527712316.4,796386759.1,834257446.2,779229742.8,756723445.5,529580416.4,658368411.4,691815018,662181394.8,490184781.4,589751408.6,967221551.9,950340568.5,960557317.4,1041358696.3,1292526838.2,1576703440.4,2419657940.5,1997404338.5,2698261244.6,2134226329.6,2656912825.2,2546195673.5,,
Kyrgyz Republic,KGZ,"External debt stocks, short-term (DOD, current US$)",DT.DOD.DSTC.CD,,,,,,,,,,,0,0,0,0,0,0,0,0,0,0,0,0,0,0,0,0,0,0,0,0,0,0,0,124366.3,12831246.3,12964988.7,8662410,33020371.6,28190000,60679648.6,129023142.1,47740234.1,10251685.6,37488320,327525346,132283639.3,206497248.2,319249897.4,390852305.4,423796807.7,194940830.5,188076770.2,213544961,307769214,312834057.9,351873000,361975000,355930000,460301000,,
Cambodia,KHM,"External debt stocks, short-term (DOD, current US$)",DT.DOD.DSTC.CD,,,,,,,,,,,0,0,0,2000,13000,35000,55000,75000,86000,107000,129000,120000,140000,160000,180000,200000,220000,220000,526000,24681743.7,29684201.2,32384888.9,29023582.4,12542373.5,14309563.3,0,319510,660400,963495,904495,77000,78820.6,49332.9,39827.4,32255.5,18185.3,16324.2,0,81049000,230049000,379049000,496707000,842917000,962747000,1087204000,1319760000,1727000000,1778356000,2366278000,,
Kiribati,KIR,"External debt stocks, short-term (DOD, current US$)",DT.DOD.DSTC.CD,,,,,,,,,,,,,,,,,,,,,,,,,,,,,,,,,,,,,,,,,,,,,,,,,,,,,,,,,,,,,
St. Kitts and Nevis,KNA,"External debt stocks, short-term (DOD, current US$)",DT.DOD.DSTC.CD,,,,,,,,,,,,,,,,,,,,,,,,,,,,,,,,,,,,,,,,,,,,,,,,,,,,,,,,,,,,,
"Korea, Rep.",KOR,"External debt stocks, short-term (DOD, current US$)",DT.DOD.DSTC.CD,,,,,,,,,,,,,,,,,,,,,,,,,,,,,,,,,,,,,,,,,,,,,,,,,,,,,,,,,,,,,
Kuwait,KWT,"External debt stocks, short-term (DOD, current US$)",DT.DOD.DSTC.CD,,,,,,,,,,,,,,,,,,,,,,,,,,,,,,,,,,,,,,,,,,,,,,,,,,,,,,,,,,,,,
Latin America & Caribbean (excluding high income),LAC,"External debt stocks, short-term (DOD, current US$)",DT.DOD.DSTC.CD,,,,,,,,,,,4296263819.9,4933247229.4,5953398817.9,7037776672.6,8814255000.7,10302816469.8,13375249157,26469199830.4,31106107209.9,42913557113.6,64710851796,79593470827.1,85540246739.4,56937922552.2,46867662386.3,40573633949.7,30666402567.7,38365434661.1,42272904972.9,50811828453.5,66343404821.4,76598282555.6,83346879017.7,99338051153.7,103600966567.5,115896694860.9,111749520040,124085374281.2,117346395784.7,107485552946.6,102350842443.3,87261622399.3,86995697003.5,96837291463.3,101558647571.2,113376878313.4,110222004280.5,134110697053.2,130922986924.6,128654153738.4,179171223960,178893634526.7,198490658995.6,227465635279.3,252133464463.2,260554712534.8,231407630333.5,240538203707.6,285823854781.6,,
Lao PDR,LAO,"External debt stocks, short-term (DOD, current US$)",DT.DOD.DSTC.CD,,,,,,,,,,,0,0,0,0,29924.6,55958.2,249106.6,359192.1,613174.1,1034919,1420619.5,1436346.7,1496507.2,1445394,1458152.8,2027328.1,2622323,3469982.4,177813.1,2000,160634.5,158332.5,0,0,0,0,89153.5,83653.5,168963.6,241561.8,2300972.2,2000000,9000000,0,3000000,57000000,102000000,168000000,149000000,204000000,56000000,57000000,59139638.8,802225758.2,823374428.2,698664177.4,721981108.2,744867398.6,403797290,,
Lebanon,LBN,"External debt stocks, short-term (DOD, current US$)",DT.DOD.DSTC.CD,,,,,,,,,,,0,0,0,0,0,0,0,14000000,133000000,170000000,294000000,335000000,378461000,484325000,459139000,469868819,459109463.5,552400277.1,613460840.9,669062246.5,1421032373.3,1217977051.8,1505383601.1,976651336.8,1339950444.5,1365320074.3,1653000272.4,1795000000,1960571161.6,2202001038.1,2364000981.6,3300000000,2395000000,2614000000,3587000000,2838000000,3215000000,4283000000,3077000000,2999000000,3567000000,3370000000,4127202000,7159896000,8005591000,8379067000,7854324000,8763605000,5546897000,,
Liberia,LBR,"External debt stocks, short-term (DOD, current US$)",DT.DOD.DSTC.CD,,,,,,,,,,,0,77723.5,76514.7,88050.2,195891.3,46524.1,53333.3,25125890.6,89352297.5,75296274.9,81186829.1,80771034.9,79249800.6,58265333.6,73684455.4,112198884,279847748.9,404655139.1,430025776.7,509465235.9,614815064.8,744361315.4,768052321.3,806137951.7,878530588.3,977784483.1,998088886.3,1049538691.2,1160738714.1,1198180816.2,1412549310.1,1650990464.8,1832457443.2,2077779719.4,2240754053.7,2421846958.1,2620682736.9,2359360564.1,1405483585.8,91604547.9,441988.6,12194649.5,12009492.9,11366740,18834.5,0,0,0,0,,
Libya,LBY,"External debt stocks, short-term (DOD, current US$)",DT.DOD.DSTC.CD,,,,,,,,,,,,,,,,,,,,,,,,,,,,,,,,,,,,,,,,,,,,,,,,,,,,,,,,,,,,,
St. Lucia,LCA,"External debt stocks, short-term (DOD, current US$)",DT.DOD.DSTC.CD,,,,,,,,,,,0,0,0,0,0,0,0,0,0,0,0,0,0,0,0,0,3440000,4810000,4680000,4103036.9,7029457.9,6208000,8155000,4364000,10011000,16940500,20190000,33000000,56500000,55300000,67770000,99700000,89000000,108088000,109001000,176000000,117000000,173322544.9,514890510.3,84582017.9,225305022.2,99938153.4,44248081.9,72298000,117669000,76754000,81512000,103845000,91114000,,
Latin America & Caribbean,LCN,"External debt stocks, short-term (DOD, current US$)",DT.DOD.DSTC.CD,,,,,,,,,,,,,,,,,,,,,,,,,,,,,,,,,,,,,,,,,,,,,,,,,,,,,,,,,,,,,
Least developed countries: UN classification,LDC,"External debt stocks, short-term (DOD, current US$)",DT.DOD.DSTC.CD,,,,,,,,,,,,,,,,,,,,,,,,,,,,,,,,,,,,,,,,,,,,,,,,,,,,,,,,,,,,,
Low income,LIC,"External debt stocks, short-term (DOD, current US$)",DT.DOD.DSTC.CD,,,,,,,,,,,106286952.9,136676872.2,267234873.8,435515013.2,611802019.2,830847652.5,1138716679.9,2175585386.4,3117819248.2,3434045112.7,4156737126.9,4351983692.9,5001583661.7,5350590006.4,6097509604,8057867055.6,4573344389.5,5255272099.4,6136920350,6308059155.9,7663495162.8,8899715288.8,10036063466.9,10724243135.7,11912271204.9,13535800925,13709251269.4,13735189237.3,15615378391,15397381063.7,15168548121.5,14129997781.4,10523647740.4,9185517155.7,9714264522.1,7386729020.8,7960648167.6,8855325995,7898029207.7,6954145031.9,6514864402,6644143328.5,6943545208.7,7947272626.2,8096607772.8,8216027503.3,8535938941.8,9040078902.5,9076107732.7,,
Liechtenstein,LIE,"External debt stocks, short-term (DOD, current US$)",DT.DOD.DSTC.CD,,,,,,,,,,,,,,,,,,,,,,,,,,,,,,,,,,,,,,,,,,,,,,,,,,,,,,,,,,,,,
Sri Lanka,LKA,"External debt stocks, short-term (DOD, current US$)",DT.DOD.DSTC.CD,,,,,,,,,,,38000000,46084359.8,49046962,55016262.4,69011742.5,72000000,82033422.5,146000000,110000000,136000000,219776000,203928000,275860000,283605000,194726000,206250000,184586000,273350000,580798173.7,400894342.9,404869642.9,409471564.3,249824348.9,266378098.8,538303998.5,535324260.8,559525731.2,471095467,420133548.9,929552368,684557371,731980949.7,944015211.4,758000000,1031000000,772138000,691531000,1337422000,2725023000,3553510186.4,2415600297.4,3575774557.4,6419000000,6775756149,7325192928.7,7587652384.7,7412864906.1,8010733192,8181135621.4,,
Lower middle income,LMC,"External debt stocks, short-term (DOD, current US$)",DT.DOD.DSTC.CD,,,,,,,,,,,2646448458.7,3084092949.5,3452389854.2,4142959164.1,4923449124.2,6323841494.4,7810960038.1,16046966123.1,17905687205.9,20574414426.2,26318090959.3,30230139496.8,32983384039.7,35205101118.2,38874738905.8,41643797180.4,39277510778.3,38362831129,40296945306.7,47575055844.7,53938083875.7,55366678921.4,62966048800.9,59913908548.6,62402809638.6,73551492282.5,85655272235.4,87021721325.1,67361320359.1,66148496121.8,58637423980.7,62960745272.3,62788453143.8,68810865546.6,74525019591.2,65791360286.5,89858675468.4,124234496229.2,131872913494.2,134473830084.9,179943359365,217261941238.1,257441663029.3,265649164526.8,247204463542,234921909707.1,248367356832.9,284008817047.1,292104466887.2,,
Low & middle income,LMY,"External debt stocks, short-term (DOD, current US$)",DT.DOD.DSTC.CD,,,,,,,,,,,8224967231.5,9574431250.9,11267480907.9,13468694032.3,16477896168.2,19854225985.5,25264216521.6,54082245347.5,63877481687.7,76002683051.5,106745819610.3,126043850118.7,141705979667.1,115263087009.6,110272708997.5,118380759185.7,105389254975.5,116176878580.6,126950990865.6,150261786688.9,178193945997.6,201877264360.6,230566289887.4,258469709617.4,265385356030.6,316617306017.5,336292374724.2,342228770848.2,309163384593.4,291153732317.2,276120553653.1,296888699597.2,297188945137.3,360109261977.4,417961000583.6,477404125558.5,568617849860,748908341764.5,721825873642.9,753552547702.2,1177896950480.8,1484043874096.2,1607190177889.8,1971324116107.8,2114749583973.4,1634583907676.2,1599292702185.8,1923797105733,2153783029844.4,,
Lesotho,LSO,"External debt stocks, short-term (DOD, current US$)",DT.DOD.DSTC.CD,,,,,,,,,,,0,0,0,0,0,0,0,0,3000000,577.5,8000000,6000000,3000000,4000000,4000000,4026298.2,4000000,4000000,6000000,2000000,2792964.9,3279422,4759736.2,4981605.7,4779616.6,4000000,4000000,4000000,4063361.4,4000000,97000000,86000000,57000000,1000000,8000000,7000000,2000000,2000000,2000000,3001567.7,0,4000000,0,7629.2,217046,63935.1,124896.2,57000,509097.8,,
Late-demographic dividend,LTE,"External debt stocks, short-term (DOD, current US$)",DT.DOD.DSTC.CD,,,,,,,,,,,,,,,,,,,,,,,,,,,,,,,,,,,,,,,,,,,,,,,,,,,,,,,,,,,,,
Lithuania,LTU,"External debt stocks, short-term (DOD, current US$)",DT.DOD.DSTC.CD,,,,,,,,,,,,,,,,,,,,,,,,,,,,,,,,,,,,,,,,,,,,,,,,,,,,,,,,,,,,,
Luxembourg,LUX,"External debt stocks, short-term (DOD, current US$)",DT.DOD.DSTC.CD,,,,,,,,,,,,,,,,,,,,,,,,,,,,,,,,,,,,,,,,,,,,,,,,,,,,,,,,,,,,,
Latvia,LVA,"External debt stocks, short-term (DOD, current US$)",DT.DOD.DSTC.CD,,,,,,,,,,,,,,,,,,,,,,,,,,,,,,,,,,,,,,,,,,,,,,,,,,,,,,,,,,,,,
"Macao SAR, China",MAC,"External debt stocks, short-term (DOD, current US$)",DT.DOD.DSTC.CD,,,,,,,,,,,,,,,,,,,,,,,,,,,,,,,,,,,,,,,,,,,,,,,,,,,,,,,,,,,,,
St. Martin (French part),MAF,"External debt stocks, short-term (DOD, current US$)",DT.DOD.DSTC.CD,,,,,,,,,,,,,,,,,,,,,,,,,,,,,,,,,,,,,,,,,,,,,,,,,,,,,,,,,,,,,
Morocco,MAR,"External debt stocks, short-term (DOD, current US$)",DT.DOD.DSTC.CD,,,,,,,,,,,71021971.9,83000000,89133658.6,98148115.4,117108448.5,162000000,232000000,565007438.9,549000000,735000000,777473496,801063964.1,1058130861,1173268451.1,1134582520.4,1202463662.2,772703038.8,866610363.6,368049263.5,278631178.3,407415883.7,298626065,387732831,315053548.4,222393184.7,198006779.7,1432498416.6,2160728444.9,1842123955.6,2026712549.6,1573063858.2,1687013161.3,1702726282.1,1252996000,178773001.8,682000000,1732000000,1919000000,1631001540.3,2210345000,2747122000,3836894000,4167372000,5350862000,7606919000,6867252000,8922686000,7527489544.8,7445618344.7,,
Monaco,MCO,"External debt stocks, short-term (DOD, current US$)",DT.DOD.DSTC.CD,,,,,,,,,,,,,,,,,,,,,,,,,,,,,,,,,,,,,,,,,,,,,,,,,,,,,,,,,,,,,
Moldova,MDA,"External debt stocks, short-term (DOD, current US$)",DT.DOD.DSTC.CD,,,,,,,,,,,0,0,0,0,0,0,0,0,0,0,0,0,0,0,0,0,0,0,0,0,0,0,0,868419.4,8051391.4,5963000,26790000,4008000,21067386,16046619.6,480871559.3,435535660.5,488595798.6,540839557.2,592181910.1,717578993.2,842136000,1078965000,1357927000,1365593000,1470838000,1655422000,1299303000,1828498000,1475369000,1223752000,1348205000,1669522000,1909875000,,
Madagascar,MDG,"External debt stocks, short-term (DOD, current US$)",DT.DOD.DSTC.CD,,,,,,,,,,,0,0,0,0,109000,113904.7,109000,46119000,45149000,163280000,243631161.6,92143712.2,102491440.4,178988356.8,114091395.3,118314908.9,165713665.3,142104717.2,159630608.7,123584294.3,222732273.3,262566963.9,336329567.1,396453667.4,474312623.9,543669816.1,520754350.8,164438367.1,229581320,323575434.4,301426884.9,239191271,231442182,156387554.2,75778326.4,98839962.7,220624725.3,799178122.2,612868971.9,648667678.4,424509165.1,430380920.4,468318775.1,345042561.4,285703863.9,203961422.9,204441329.7,176989318.1,270663965,,
Maldives,MDV,"External debt stocks, short-term (DOD, current US$)",DT.DOD.DSTC.CD,,,,,,,,,,,0,0,0,0,0,0,0,5000000,5011037.6,6015554.4,1000000,2000000,23000000,29000000,33000000,34000000,10000000,11000000,12000000,12400000,14000000,3200000,4380000,3020000,1000000,2950000,4670000,7000000,10200000,24800000,18000000,52000000,47000000,34000000,32450010.9,56307779.5,98201971.3,130002348.8,464618401.2,604015285.5,145917888.3,137280294.6,100984489.9,88588987.4,146448697.8,157303183.6,129827973.6,111321654.7,262804384.1,,
Middle East & North Africa,MEA,"External debt stocks, short-term (DOD, current US$)",DT.DOD.DSTC.CD,,,,,,,,,,,,,,,,,,,,,,,,,,,,,,,,,,,,,,,,,,,,,,,,,,,,,,,,,,,,,
Mexico,MEX,"External debt stocks, short-term (DOD, current US$)",DT.DOD.DSTC.CD,,,,,,,,,,,1002000000,1078000000,1181000000,1512000000,2006000000,2622000000,3447000000,5453000000,4946144967.2,8024094726.4,16163000000,24983000000,26208666022,10146905000,6447905000,5450000000,5900000000,5800000000,7879000000,8662005000,16082000000,21857000000,24535000000,36257400000,39322600000,37300400000,29838600000,27860400000,26321200000,24062300000,18932000000,14556400000,23911000000,22884000000,20312000000,22201000000,26258000000,27362000000,24178259000,25554840000,43060959000,52433505000,75925485000,92511449000,91927614000,70255390000,53798292000,52435016000,61095050000,,
Marshall Islands,MHL,"External debt stocks, short-term (DOD, current US$)",DT.DOD.DSTC.CD,,,,,,,,,,,,,,,,,,,,,,,,,,,,,,,,,,,,,,,,,,,,,,,,,,,,,,,,,,,,,
Middle income,MIC,"External debt stocks, short-term (DOD, current US$)",DT.DOD.DSTC.CD,,,,,,,,,,,8118680278.6,9437754378.7,11000246034.1,13033179019.1,15866094149,19023378333,24125499841.7,51906659961.1,60759662439.5,72568637938.8,102589082483.4,121691866425.8,136704396005.4,109912497003.2,104175199393.5,110322892130.1,100815910586,110921606481.2,120814070515.6,143953727533,170530450834.8,192977549071.8,220530226420.5,247745466481.7,253473084825.7,303081505092.5,322583123454.8,328493581610.9,293548006202.4,275756351253.5,260952005531.6,282758701815.8,286665297396.9,350923744821.7,408246736061.5,470017396537.7,560657201692.4,740053015769.5,713927844435.2,746598402670.3,1171382086078.8,1477399730767.7,1600246632681.1,1963376843481.6,2106652976200.6,1626367880172.9,1590756763244,1914757026830.5,2144706922111.7,,
North Macedonia,MKD,"External debt stocks, short-term (DOD, current US$)",DT.DOD.DSTC.CD,,,,,,,,,,,0,0,0,0,0,0,0,0,0,0,0,0,0,0,0,0,0,0,0,0,0,0,0,124398112,156303142.7,142828603.1,269009122.4,137035307.6,135903705.8,55607369.2,55054215.8,73044359.5,78094800.6,50535038.9,834032422,799834427.4,867107000,1597170000,1311588834,1412698169.2,1218496848.6,1596669000,1689591000,1391866770.3,1218126566.6,1014128306.2,1104695085.7,1318250000,1344092000,,
Mali,MLI,"External debt stocks, short-term (DOD, current US$)",DT.DOD.DSTC.CD,,,,,,,,,,,1186760.4,2012552.8,2514145.3,2015822.6,632697.3,679308.5,1482059.2,20401989.1,18787634.5,24782032,24011404,72347773.8,18373111.2,21235205.7,69219920.1,69063744.9,78712880.4,74936881.7,52391584.9,46125334.4,61808912.4,74600860.9,55441649.7,46316423.1,40921138.4,71568271.5,78997101.2,274598940,185210820.5,189056063.3,113867289.7,96520329.2,143759552.8,35425158.2,50469948.7,27370302.5,30336000,6354000,6782480.2,24742350.3,6094000,193218519.1,38819987,70018232,57292783.2,81712218.9,80129769.5,93609489,111498312.6,,
Malta,MLT,"External debt stocks, short-term (DOD, current US$)",DT.DOD.DSTC.CD,,,,,,,,,,,,,,,,,,,,,,,,,,,,,,,,,,,,,,,,,,,,,,,,,,,,,,,,,,,,,
Myanmar,MMR,"External debt stocks, short-term (DOD, current US$)",DT.DOD.DSTC.CD,,,,,,,,,,,0,0,0,0,0,0,30000,62000,96000,130000,164000,198000,232000,229000,227000,227000,227000,33150158.2,95028322.8,117087589.7,216362921.9,264348405.5,325327122.6,333011862.1,342181922,360579013.4,390469088.4,397224463.2,480789227.4,528134541.8,524806477,512296869.2,642107929.7,773273577.5,846049573.7,786371889.7,841801540.4,922600516.7,1055480432.3,1084608240,1176558111.9,1220980654.4,982857001.6,877968159.8,834207019.6,820304332.9,819944400.5,872600411,878993662.5,,
Middle East & North Africa (excluding high income),MNA,"External debt stocks, short-term (DOD, current US$)",DT.DOD.DSTC.CD,,,,,,,,,,,556816512.6,662953454.7,689733190.6,791164906.7,917082116.1,1535360978.5,2076878130.5,7387071908.2,6956680720,7613704157,8876368228.2,8822922491.1,15899757414,14899584831,14117025478.5,15973320846.5,17755686218.6,16427082114.1,16276342177.2,19223275201.4,19432065986.8,21772232390.4,25787426944.3,27769595539,17660179952.8,18390593555.4,18448650664.9,18019073081.8,21147046981.7,21450331912.6,24368021756,22837517293.6,21222179951.2,22082702877.7,28090364269.1,26182790859.1,27269282219.6,31718709119.2,29505279552.6,32791392472.3,37690103516.4,37004042786.4,33682063226.6,35663735532.1,39998356066.1,41202819648.1,51978931862.8,53359732860.2,50369286921.5,,
Montenegro,MNE,"External debt stocks, short-term (DOD, current US$)",DT.DOD.DSTC.CD,,,,,,,,,,,0,0,0,0,0,0,0,0,0,0,0,0,0,0,0,0,0,0,0,0,0,0,0,0,0,0,0,0,0,0,0,0,0,0,0,0,0,405000000,602000000,1207000000,186000000,455000000,538000000,516030000,279955000,235166000,143375000,145862000,115607000,,
Mongolia,MNG,"External debt stocks, short-term (DOD, current US$)",DT.DOD.DSTC.CD,,,,,,,,,,,0,0,0,0,0,0,0,0,0,0,0,0,0,0,0,0,0,0,0,0,0,80000,59161224.4,12756346,3519000,11651000,4781000,25329000,28370000,21615000,12822000,14388000,44234000,285191000,167000000,25000000,26792000,58102000,69623000,248183000,365499000,583267000,902566540.2,1563221205.9,2373912000,2435174000,2588922000,3162613000,3098328000,,
Northern Mariana Islands,MNP,"External debt stocks, short-term (DOD, current US$)",DT.DOD.DSTC.CD,,,,,,,,,,,,,,,,,,,,,,,,,,,,,,,,,,,,,,,,,,,,,,,,,,,,,,,,,,,,,
Mozambique,MOZ,"External debt stocks, short-term (DOD, current US$)",DT.DOD.DSTC.CD,,,,,,,,,,,0,0,0,0,0,0,0,0,0,0,0,52000,128169,657479.1,84134248.6,158208724.3,286233261.2,313803283.4,331721165.9,433532825.7,343833660.2,245648234.2,236307612.5,162115692.2,187163436.3,277351833.7,180596382,318014996.8,365276727.7,399056912.2,567109205,545392122.5,433415341.8,426365584.7,785389795.2,714979795.6,578610562.5,516865362.3,581477703.4,633153063,604496465.5,263245119.8,345511934,720220772.4,439102177.3,799207555.8,576800231.8,1089951756.6,1230705267.5,,
Mauritania,MRT,"External debt stocks, short-term (DOD, current US$)",DT.DOD.DSTC.CD,,,,,,,,,,,0,2871.4,103179.5,173708.2,87973.9,195701.7,218098.7,41512838.6,53535640.6,51323840.8,65028616.1,98326124.8,92957356.6,107224598.4,126526962.6,105510751.5,113791603.6,126187117.2,177924653.8,164142209.3,237579380.3,312546631.4,205250988.1,174060207.2,147910484.4,168935754,180090717.1,303784642.6,230660613.7,276932320.8,250095345,243449652.3,217633391.4,176601154,163198400.2,169072399.5,230684712.4,1103506850.3,1150148258.5,1041086868.9,1086666857.3,1000146171.4,1045537904.9,1050709241.5,1026384858.9,1086738013.7,1035883445.9,1040448923.1,1053241000,,
Mauritius,MUS,"External debt stocks, short-term (DOD, current US$)",DT.DOD.DSTC.CD,,,,,,,,,,,0,0,0,0,0,0,0,99614.9,0,0,165317.1,44619.4,0,0,16191,0,0,0,102683.1,32110,2293062.5,4341237.8,2233388.1,2211330.9,1784804.9,841077.7,57946.8,0,0,0,0,0,0,0,0,0,0,0,0,1302232000,1485397000,1719835000,2919205987.5,2902407561.2,5332171481.1,4738472031.7,4616989145.9,5185745949.4,4794204000,,
Malawi,MWI,"External debt stocks, short-term (DOD, current US$)",DT.DOD.DSTC.CD,,,,,,,,,,,0,0,0,0,0,0,0,69000000,75000000,115000000,116145774.5,50000000,85505219.2,73000000,42000000,80646420,80095870.3,94581936,49805096.7,47812385.7,58368939,29767827.1,48985231.9,10671523.9,12297780.1,43501838.2,100019055.1,23490194.2,31944631.4,67414073.2,74748719.8,36038455.8,120890047.1,57669247,38307000,43161000,70000000,61000000,84000000,67000000,43000000,38000000,21487000,21002000,21515543.1,12672426.8,44024674.2,53685382.2,23020877.9,,
Malaysia,MYS,"External debt stocks, short-term (DOD, current US$)",DT.DOD.DSTC.CD,,,,,,,,,,,,,,,,,,,,,,,,,,,,,,,,,,,,,,,,,,,,,,,,,,,,,,,,,,,,,
North America,NAC,"External debt stocks, short-term (DOD, current US$)",DT.DOD.DSTC.CD,,,,,,,,,,,,,,,,,,,,,,,,,,,,,,,,,,,,,,,,,,,,,,,,,,,,,,,,,,,,,
Namibia,NAM,"External debt stocks, short-term (DOD, current US$)",DT.DOD.DSTC.CD,,,,,,,,,,,,,,,,,,,,,,,,,,,,,,,,,,,,,,,,,,,,,,,,,,,,,,,,,,,,,
New Caledonia,NCL,"External debt stocks, short-term (DOD, current US$)",DT.DOD.DSTC.CD,,,,,,,,,,,,,,,,,,,,,,,,,,,,,,,,,,,,,,,,,,,,,,,,,,,,,,,,,,,,,
Niger,NER,"External debt stocks, short-term (DOD, current US$)",DT.DOD.DSTC.CD,,,,,,,,,,,0,19568,83730.6,203116.7,354660.2,339251.6,625828.2,52086610.6,250442437.9,106332566.9,159250893.6,113786181.9,123631340.1,66162279.2,62793931,98881991.7,122756562.4,76499569.1,105090891.1,106982148.6,153431627.8,58063282,84429819.2,99394090.4,38902022.5,70865866.6,44283946,91478966.1,65905623.4,78783695.3,71917873.4,33897961.9,33534954.5,37909663.4,8929159.6,39532183.6,38272334.6,261304705.2,92908793.9,130554893.4,172435746,155612769.3,98182014.6,72250422.6,69657826.9,25901846.8,43583354,71720709.3,70132452.9,,
Nigeria,NGA,"External debt stocks, short-term (DOD, current US$)",DT.DOD.DSTC.CD,,,,,,,,,,,269602902.7,309253783.5,349946843.8,574167511.8,606829010.5,543745217,431560000,2161157244.6,2446470759.1,2283000000,3553069165,4427230691.2,2534736119.4,5058908610.8,5744420645.9,4994467303.2,3681596458,1568446952.5,1547623694.1,464770803.3,1503551650.6,858650330.2,2209562733.1,3957313303.2,4826457461.4,5651194994.5,5676115014.9,5528620077,6564455467.1,6247376698.5,1119955764.7,415198527,1475488480.2,2607994677,3895004416.3,3101086.7,1000,1000,1000,0,0,1535.3,0,533560.8,230640.5,104000,104000,104000,104000,,
Nicaragua,NIC,"External debt stocks, short-term (DOD, current US$)",DT.DOD.DSTC.CD,,,,,,,,,,,48000000,59000000,73000000,105043000,144000000,189125784.8,210019190.3,428910151.9,500318743.9,392577983.1,472246392.8,347218736.1,421448480.2,681062033,689962514.4,852640316.8,1018163737.8,1521821934.5,1710270459.3,2071152326.4,2437704550.4,1745222524.5,1854901112.1,1958361277.3,2307531936.8,1794224180.8,794321560,837180520.1,735933104.9,837717951.2,912125075.3,675291315.2,556131082.3,597278205.1,497011000,540211000,617337254,1156553874,1149857000,992648000,1392490000,1443180000,1694652000,1689980000,1501411000,1269307000,1407124000,1432158000,1362687000,,
Netherlands,NLD,"External debt stocks, short-term (DOD, current US$)",DT.DOD.DSTC.CD,,,,,,,,,,,,,,,,,,,,,,,,,,,,,,,,,,,,,,,,,,,,,,,,,,,,,,,,,,,,,
Norway,NOR,"External debt stocks, short-term (DOD, current US$)",DT.DOD.DSTC.CD,,,,,,,,,,,,,,,,,,,,,,,,,,,,,,,,,,,,,,,,,,,,,,,,,,,,,,,,,,,,,
Nepal,NPL,"External debt stocks, short-term (DOD, current US$)",DT.DOD.DSTC.CD,,,,,,,,,,,0,0,0,0,0,0,0,23000000,16000000,12000000,7000000,22000000,39000000,80000000,24000000,23000000,21401172.3,20976715.5,25572038,21187991.3,24250736,25367416.9,5500460.3,20706945.5,62656614.2,22861737.9,25747608,28395012.5,30914321.5,42540000,29000000,54000000,40000000,55000000,36000000,47000000,81000000,55000000,57000000,44000000,61000000,84000000,113000000,249604000,332892000,349434000,378505000,421210000,251640000,,
Nauru,NRU,"External debt stocks, short-term (DOD, current US$)",DT.DOD.DSTC.CD,,,,,,,,,,,,,,,,,,,,,,,,,,,,,,,,,,,,,,,,,,,,,,,,,,,,,,,,,,,,,
New Zealand,NZL,"External debt stocks, short-term (DOD, current US$)",DT.DOD.DSTC.CD,,,,,,,,,,,,,,,,,,,,,,,,,,,,,,,,,,,,,,,,,,,,,,,,,,,,,,,,,,,,,
OECD members,OED,"External debt stocks, short-term (DOD, current US$)",DT.DOD.DSTC.CD,,,,,,,,,,,,,,,,,,,,,,,,,,,,,,,,,,,,,,,,,,,,,,,,,,,,,,,,,,,,,
Oman,OMN,"External debt stocks, short-term (DOD, current US$)",DT.DOD.DSTC.CD,,,,,,,,,,,,,,,,,,,,,,,,,,,,,,,,,,,,,,,,,,,,,,,,,,,,,,,,,,,,,
Other small states,OSS,"External debt stocks, short-term (DOD, current US$)",DT.DOD.DSTC.CD,,,,,,,,,,,,,,,,,,,,,,,,,,,,,,,,,,,,,,,,,,,,,,,,,,,,,,,,,,,,,
Pakistan,PAK,"External debt stocks, short-term (DOD, current US$)",DT.DOD.DSTC.CD,,,,,,,,,,,104000000,122000000,131000000,147000000,165000000,186000000,220000000,180000000,210000000,441000000,737000000,903000000,720000000,797000000,932000000,1310000000,1863000000,2280000000,2429000000,2771159000,3184737000,4134107000,4394000000,1946000000,1938000000,3235000000,2816010000,2481000000,2159376893.6,1830190000,1518730000,1313800000,1540000000,1245000000,1245000000,1230000001,1322000000,2228000000,1370000000,1466000000,4667000000,3619000000,4027000000,4652000000,5487000000,6474000000,7121000000,8709400000,8301913000,,
Panama,PAN,"External debt stocks, short-term (DOD, current US$)",DT.DOD.DSTC.CD,,,,,,,,,,,,,,,,,,,,,,,,,,,,,,,,,,,,,,,,,,,,,,,,,,,,,,,,,,,,,
Peru,PER,"External debt stocks, short-term (DOD, current US$)",DT.DOD.DSTC.CD,,,,,,,,,,,546000000,563000000,589000000,662000000,892000000,1041000000,1289000000,2100000000,2098000000,1574000000,2084013042.2,1516025576.9,2276003125.5,1615614391.5,1787654116.6,1959047155.7,2784405142.1,3616881016.7,4709103865.8,4811688822.7,5337310027.8,4321916422.9,3877050612.7,5719232679.9,6713727855.8,9659116513.4,6437491470.4,6530179950.8,6254623884.3,4571691386,3928232623.9,3013829573.1,2589029914.2,2524947266.9,2772111041.9,3211738000,3012062042.2,5334013140.4,5420361639.1,4784410000,6392854000,6325000000,8940959000,6449936000,6977975000,7074708000,7764556000,8694802000,9998315000,,
Philippines,PHL,"External debt stocks, short-term (DOD, current US$)",DT.DOD.DSTC.CD,,,,,,,,,,,583000000,642000000,709000000,733000000,877000000,1107000000,1603000000,2468000000,3863000000,5315000000,7556000000,9421000000,11325007300,9420267255.3,9459996838.6,9157309632.7,5381568672.8,3797157697.9,3866018867.7,3954334402.5,4427238591.8,4944138121.2,5256249000,5035000000,5716000000,5279000000,7969350000,11794000000,5857000000,4949029354.2,5495000000,6000000000,5559000000,6179000000,5046000000,6395000000,5009000000,7084000000,7000749000,4002329000,10511648000,12050370000,16452020000,16908720000,16248080000,15099022000,14526183000,14274661000,16067788000,,
Palau,PLW,"External debt stocks, short-term (DOD, current US$)",DT.DOD.DSTC.CD,,,,,,,,,,,,,,,,,,,,,,,,,,,,,,,,,,,,,,,,,,,,,,,,,,,,,,,,,,,,,
Papua New Guinea,PNG,"External debt stocks, short-term (DOD, current US$)",DT.DOD.DSTC.CD,,,,,,,,,,,0,0,0,0,0,0,0,99000000,53000000,28000000,64000000,162000000,182000000,67000000,145000000,146000000,62000000,105000000,134900000,164680000,71610000,117330000,412240000,263940000,99000000,77620000,33800000,154000000,156730000,97460000,70000000,67000000,50000000,94000000,80000000,207000000,79000000,174000000,10000000,112000000,414000000,123000000,261141000,313976744.4,808166488.1,311116000,662510054.4,76747736.9,461577000,,
Poland,POL,"External debt stocks, short-term (DOD, current US$)",DT.DOD.DSTC.CD,,,,,,,,,,,,,,,,,,,,,,,,,,,,,,,,,,,,,,,,,,,,,,,,,,,,,,,,,,,,,
Pre-demographic dividend,PRE,"External debt stocks, short-term (DOD, current US$)",DT.DOD.DSTC.CD,,,,,,,,,,,,,,,,,,,,,,,,,,,,,,,,,,,,,,,,,,,,,,,,,,,,,,,,,,,,,
Puerto Rico,PRI,"External debt stocks, short-term (DOD, current US$)",DT.DOD.DSTC.CD,,,,,,,,,,,,,,,,,,,,,,,,,,,,,,,,,,,,,,,,,,,,,,,,,,,,,,,,,,,,,
"Korea, Dem. Peoples Rep.",PRK,"External debt stocks, short-term (DOD, current US$)",DT.DOD.DSTC.CD,,,,,,,,,,,,,,,,,,,,,,,,,,,,,,,,,,,,,,,,,,,,,,,,,,,,,,,,,,,,,
Portugal,PRT,"External debt stocks, short-term (DOD, current US$)",DT.DOD.DSTC.CD,,,,,,,,,,,,,,,,,,,,,,,,,,,,,,,,,,,,,,,,,,,,,,,,,,,,,,,,,,,,,
Paraguay,PRY,"External debt stocks, short-term (DOD, current US$)",DT.DOD.DSTC.CD,,,,,,,,,,,0,0,17176.8,36625.9,57502.4,80515.9,154497.2,54255315.8,84688883.8,145528265,174151143,308143631.5,228476454.1,141007252,111912054.7,179247112,175051391.3,268242777.2,230210261.6,260647370.8,373123021.4,361372959.1,248088634.8,289122982.1,608575224.3,783666040.9,742245956.4,515000375.5,668366628.3,750787958.9,548785392.7,481222531,443180543.7,3350098913.7,3297875605.9,3378745383.4,3579951330,3589229005.9,4067646488.4,4061008617.9,4373450865,4381954806.9,4661111468.1,4708148000,4813936000,4774653000,4596266000,4620335000,4640331000,,
West Bank and Gaza,PSE,"External debt stocks, short-term (DOD, current US$)",DT.DOD.DSTC.CD,,,,,,,,,,,,,,,,,,,,,,,,,,,,,,,,,,,,,,,,,,,,,,,,,,,,,,,,,,,,,
Pacific island small states,PSS,"External debt stocks, short-term (DOD, current US$)",DT.DOD.DSTC.CD,,,,,,,,,,,,,,,,,,,,,,,,,,,,,,,,,,,,,,,,,,,,,,,,,,,,,,,,,,,,,
Post-demographic dividend,PST,"External debt stocks, short-term (DOD, current US$)",DT.DOD.DSTC.CD,,,,,,,,,,,,,,,,,,,,,,,,,,,,,,,,,,,,,,,,,,,,,,,,,,,,,,,,,,,,,
French Polynesia,PYF,"External debt stocks, short-term (DOD, current US$)",DT.DOD.DSTC.CD,,,,,,,,,,,,,,,,,,,,,,,,,,,,,,,,,,,,,,,,,,,,,,,,,,,,,,,,,,,,,
Qatar,QAT,"External debt stocks, short-term (DOD, current US$)",DT.DOD.DSTC.CD,,,,,,,,,,,,,,,,,,,,,,,,,,,,,,,,,,,,,,,,,,,,,,,,,,,,,,,,,,,,,
Romania,ROU,"External debt stocks, short-term (DOD, current US$)",DT.DOD.DSTC.CD,,,,,,,,,,,0,0,0,0,0,0,0,0,0,0,2303000000,1786000000,1344000000,596000000,566000000,543000000,617000000,730000000,700000000,888000000,910000000,988000000,761000000,892000000,966000000,1303000000,1136000000,918111000,576037445.4,384837742.5,762448329.3,991480874.5,1303728254.8,2506414232.6,4377330240.9,7412526149.2,16566502603,29325847219.2,25568998953.4,15982855975.8,17156916215,19498307042.5,16322770289.4,15544062334.1,12282165919.1,12435871523.7,12334968324.6,14947969195.8,15862676918.4,,
Russian Federation,RUS,"External debt stocks, short-term (DOD, current US$)",DT.DOD.DSTC.CD,,,,,,,,,,,0,0,0,0,0,0,0,0,0,0,0,0,0,0,0,6900000000,7400000000,8600000000,11200000000,18200000000,11800000000,12617629225.5,13113459769.5,8293511362.7,9866042023.4,10360324543,12126040592.6,6070658933.7,14978831224,15625223595.8,15630197066.4,18971545000,16318515000,30457455000,26448540000,27130669000,40600800000,100262664000,74207582000,53096411000,60213596000,69885840000,81901840000,84000000000,61700000000,42100000000,45100000000,51035000000,48300000000,,
Rwanda,RWA,"External debt stocks, short-term (DOD, current US$)",DT.DOD.DSTC.CD,,,,,,,,,,,0,0,0,0,0,0,5079.4,9000950.1,17000000,21008663,26015824.4,20000000,21000000,16000000,37014000,27000000,27079795.9,39305295.4,41502781.1,45083297.3,47136924.7,50284732.9,55109091.4,59282094.1,33585323.5,32169810.2,34434520.3,76808112.9,49455344.3,53790952.6,38334171.1,34570461.1,43781207.3,27058934.8,15321484,15364631.6,19165773.4,23561728.2,6718824.1,10148053.9,14127169,112047715,86049244.8,11089991.7,24984491.4,11269381.5,226616653.1,68229071.6,104686442.6,,
South Asia,SAS,"External debt stocks, short-term (DOD, current US$)",DT.DOD.DSTC.CD,,,,,,,,,,,425000000,486084359.8,530046962,580546846.5,671057755.4,733024818.7,804246191.6,813045602.3,1064412641.8,1404165362.4,2447818930,2955971884,3663903591.5,4697649968.6,4988766477.5,6066303446.5,7150047626.8,8332360084.5,9455406305.7,10776845334.4,12332787022.8,11865353183.3,11231427237.8,6021965081.2,7005542317.4,9052118533.2,10302936809.2,8218808479.5,7108064764,7025405368,6057066371,5268936949.7,7252124211.4,9049797000,9929845010.9,11631744498.6,28502882923.2,41252748241.4,50358729337.5,54231093335,66797574907.6,87804062362,106304922254.2,108386968163.9,103279502750.7,103091788025,107166828179.7,126065671783.3,130568662644.8,,
Saudi Arabia,SAU,"External debt stocks, short-term (DOD, current US$)",DT.DOD.DSTC.CD,,,,,,,,,,,,,,,,,,,,,,,,,,,,,,,,,,,,,,,,,,,,,,,,,,,,,,,,,,,,,
Sudan,SDN,"External debt stocks, short-term (DOD, current US$)",DT.DOD.DSTC.CD,,,,,,,,,,,60506630.1,53000000,61000000,76000000,153000000,215000000,291611772.1,461391662.9,554315533.7,523661371.4,598502087.4,880388525,922341400.7,726651445.7,1381269280.4,1370685212.7,1442895646.7,1879153803.5,2249015340.3,3510460435.7,4155241552.9,4549969895,5047113598.1,5424157286,6041663183.4,6368092728.1,6213565954.3,6035157687.2,6349041424.2,6069851875.8,4736399964.4,4329132906.1,4826054502.2,5425785588.9,5996653264.3,5738370443.7,5935397980.5,6440866543.3,6685463959.9,6678956951.1,7178553540.8,5404032822.7,5451807899.5,5428790023.2,5246564446.4,5071636213.3,5037226695.9,5314588002.5,5381801199.4,,
Senegal,SEN,"External debt stocks, short-term (DOD, current US$)",DT.DOD.DSTC.CD,,,,,,,,,,,0,211286.5,1283.7,45697.3,25864,25240.7,0,110000000,141000000,203000000,219000000,237000000,202000000,192127000,271962362.7,223853746.4,273423370.5,321342837.8,280843060,260521057.9,417519710.3,305081534.5,351978019.9,461339024.9,261627245.8,259650449.8,181859200.4,212420485,272170306.6,307368069.8,146148834.3,202035057.9,293552510.4,155533875.1,35746811.4,35701620.8,84130976,332000000,197000000,10973.8,0,0,0,0,0,35863.3,18973.8,0,0,,
Singapore,SGP,"External debt stocks, short-term (DOD, current US$)",DT.DOD.DSTC.CD,,,,,,,,,,,,,,,,,,,,,,,,,,,,,,,,,,,,,,,,,,,,,,,,,,,,,,,,,,,,,
Solomon Islands,SLB,"External debt stocks, short-term (DOD, current US$)",DT.DOD.DSTC.CD,,,,,,,,,,,0,0,0,0,0,0,0,0,2000000,1000000,2000000,3000000,3000000,3000000,4000000,9000000,3000000,1450000,1620000,0,16626222.2,31019434.8,1807239.3,6130000,2000000,9658478.7,1445789,2200476.9,2865980.3,4737557.7,3216060.3,4385587,4349439.4,8069026.4,12069032.9,15288593.6,15545673.7,3365507.6,3056066.3,2523095.3,4010626.6,12851000,2001000,3000000,14973000,21725000,34708000,27863000,43044000,,
Sierra Leone,SLE,"External debt stocks, short-term (DOD, current US$)",DT.DOD.DSTC.CD,,,,,,,,,,,0,0,0,0,202299.2,1740997,3642124,4493429.8,954252.5,5858809.4,6979435.6,8516107.5,12493151.2,17279348.2,16682297.5,28113901.8,18477350.4,32965598.1,56092736.5,95337920.3,148388341.8,204856819.1,134971097.9,152591855.8,16138978.9,26859392.6,24258218.7,9461503.1,30019910.2,34459999.2,46296498.4,19259557.5,10379550.3,16793207.1,21501317.4,21182433.5,11960501.3,5062665.5,9002820.3,23000000,4117000,35000000,221000000,213700000,213636942.2,213930928.7,200955066,195050000,188500000,,
El Salvador,SLV,"External debt stocks, short-term (DOD, current US$)",DT.DOD.DSTC.CD,,,,,,,,,,,0,0,0,0,0,0,0,216000000,329000000,278000000,220000000,212000000,206108996.4,94366726.3,112069563.5,84184522.6,127530432.9,215072766.6,244236004.4,210660535.3,213123038.9,106897091.1,106466936.8,111860959.3,190772014.5,528141195.5,599507251.6,810493057,849373249.7,1052901000,1645000000,1907000000,1164000000,1620000000,1779800000,1856314000,1289160000,1292037000,1542350000,863240000,835842000,1222650000,1526327000,1853000000,2018000000,2017594000,2532931000,2043354000,2070481000,,
San Marino,SMR,"External debt stocks, short-term (DOD, current US$)",DT.DOD.DSTC.CD,,,,,,,,,,,,,,,,,,,,,,,,,,,,,,,,,,,,,,,,,,,,,,,,,,,,,,,,,,,,,
Somalia,SOM,"External debt stocks, short-term (DOD, current US$)",DT.DOD.DSTC.CD,,,,,,,,,,,0,0,0,0,60000,270000,1070650,14215120.5,25626734.2,31505509.1,46732335.1,34229189.6,52466967.6,70084576.2,103275462,73340239.5,89713323.3,90462547.7,141382011.5,195936627.3,285069901.3,343857567.9,394827115.4,449728250.1,517845362.7,551159768.3,563880350.9,557748548.9,590968970.9,593175302.8,589287604.1,625202903.3,676781595.7,738666295.6,730892272.2,710586825.4,750505929.3,793833110.1,798234159,815347578.6,816120267.3,823125020.4,831402233.2,839967823,813550218.9,797843688.9,793385551.8,826169310.8,822867048.9,,
Serbia,SRB,"External debt stocks, short-term (DOD, current US$)",DT.DOD.DSTC.CD,,,,,,,,,,,205000000,278000000,353000000,431000000,510000000,600000000,754000000,903000000,1171000000,1789000000,2140000000,2492000000,1810000000,1142000000,1026000000,1015000000,1365000000,1300000000,1121000000,795000000,524000000,292846000,1092290534.1,1640636083.5,1684477358.7,2139250787.5,1637595204.6,3455795640.7,3614936109,4018692397.3,4558044791.8,5301341499,2271849292.2,2804847234.8,1688749244.3,2241954014.9,2240843000,2248799000,3687274000,3600221000,2798224000,1161933000,1018187000,549494000,538882000,887827000,1128180000,1579255000,2112756000,,
Sub-Saharan Africa (excluding high income),SSA,"External debt stocks, short-term (DOD, current US$)",DT.DOD.DSTC.CD,,,,,,,,,,,753448057.5,864835022,1097481605.4,1633203606.5,2026258371.4,2482932760.3,2913478516.7,6634237776.5,8584478941.9,8841388002.4,11028310221.2,12412875681.5,11185388518.1,13248460953.1,15321908615.8,17488576982.2,13163990566.6,13230168287.5,14400105183.4,16201833457.3,20635772941.8,21711657582.7,25097025316.7,29042053720.4,35468621886.9,40499639873,42359365600.1,40624314634.8,42103090849,40377754248.3,31220261295.8,28850093225.1,26894866525.5,28006271327.9,33838335594,34040575016.5,43101000489.2,49410081522.8,49125581006.9,44088268648.4,48635081516.6,47748281119,60205403597.7,64756581706.1,62358315398,64870076092.9,61225067486.4,70123040470.4,68428601520.7,,
South Sudan,SSD,"External debt stocks, short-term (DOD, current US$)",DT.DOD.DSTC.CD,,,,,,,,,,,,,,,,,,,,,,,,,,,,,,,,,,,,,,,,,,,,,,,,,,,,,,,,,,,,,
Sub-Saharan Africa,SSF,"External debt stocks, short-term (DOD, current US$)",DT.DOD.DSTC.CD,,,,,,,,,,,,,,,,,,,,,,,,,,,,,,,,,,,,,,,,,,,,,,,,,,,,,,,,,,,,,
Small states,SST,"External debt stocks, short-term (DOD, current US$)",DT.DOD.DSTC.CD,,,,,,,,,,,,,,,,,,,,,,,,,,,,,,,,,,,,,,,,,,,,,,,,,,,,,,,,,,,,,
Sao Tome and Principe,STP,"External debt stocks, short-term (DOD, current US$)",DT.DOD.DSTC.CD,,,,,,,,,,,0,0,0,0,0,0,0,0,0,2000000,0,5000000,1000000,1019285.9,158056.4,771734.6,2165445.5,6543258.9,8377158.1,20047522.4,16043178.1,16170162.6,19611768.7,26816571.3,20490103.1,12982607.9,8274740,11036845,14516975,29851833.8,23260971.3,22028334.5,28837494.1,15386338.9,16728576.4,14404674.5,15139113.6,19176498.2,18223650.1,16446353.9,19914251.6,25916134.4,15927450.9,14159836.6,11564412.4,8558544.4,9316988.1,7463463.8,9810911.1,,
Suriname,SUR,"External debt stocks, short-term (DOD, current US$)",DT.DOD.DSTC.CD,,,,,,,,,,,,,,,,,,,,,,,,,,,,,,,,,,,,,,,,,,,,,,,,,,,,,,,,,,,,,
Slovak Republic,SVK,"External debt stocks, short-term (DOD, current US$)",DT.DOD.DSTC.CD,,,,,,,,,,,,,,,,,,,,,,,,,,,,,,,,,,,,,,,,,,,,,,,,,,,,,,,,,,,,,
Slovenia,SVN,"External debt stocks, short-term (DOD, current US$)",DT.DOD.DSTC.CD,,,,,,,,,,,,,,,,,,,,,,,,,,,,,,,,,,,,,,,,,,,,,,,,,,,,,,,,,,,,,
Sweden,SWE,"External debt stocks, short-term (DOD, current US$)",DT.DOD.DSTC.CD,,,,,,,,,,,,,,,,,,,,,,,,,,,,,,,,,,,,,,,,,,,,,,,,,,,,,,,,,,,,,
Eswatini,SWZ,"External debt stocks, short-term (DOD, current US$)",DT.DOD.DSTC.CD,,,,,,,,,,,0,0,0,0,0,0,0,9000000,17002000,8000000,15000000,6000000,14000000,37000000,7000000,15000000,17026910.4,17059239.9,7909118.8,21273010.9,4562724.3,4768460.2,6103511.3,7072819,8700485.1,11118111.8,2061611.8,158104900,28240841.3,52817170.2,63000000,72003019.3,67736142.8,51560522.1,41436654.5,95405746.6,43729289.3,38803496.1,47940343.8,20492256.6,208721185.2,162838125.5,40149135.2,42571008.8,33720026.9,14636783.3,63030507,185783549.1,23874678.4,,
Sint Maarten (Dutch part),SXM,"External debt stocks, short-term (DOD, current US$)",DT.DOD.DSTC.CD,,,,,,,,,,,,,,,,,,,,,,,,,,,,,,,,,,,,,,,,,,,,,,,,,,,,,,,,,,,,,
Seychelles,SYC,"External debt stocks, short-term (DOD, current US$)",DT.DOD.DSTC.CD,,,,,,,,,,,,,,,,,,,,,,,,,,,,,,,,,,,,,,,,,,,,,,,,,,,,,,,,,,,,,
Syrian Arab Republic,SYR,"External debt stocks, short-term (DOD, current US$)",DT.DOD.DSTC.CD,,,,,,,,,,,35593000,44077000,54633000,66434000,78640000,105100000,152989000,324383000,280389722.1,328319738.5,648675888.3,820280714,920313872.9,983290660.8,1063750768.4,1376154958.7,1431892807.3,1379217595.9,1514684045.1,1766668447.9,2275498549.2,2770065860.8,3340671481.8,4044486079.5,4368144366.7,4957565102.2,5140771027.8,5078291503.3,6588643411.1,6286269022.1,5707697506.7,4935425865.2,4021434837,2967908000,2822398000,510688000,595189000,654035000,585383464.1,760468019.3,562390487.7,546353814.9,363827760.8,429675343.3,532519643.4,504202516.8,495591546.2,552833951.8,548540281,,
Turks and Caicos Islands,TCA,"External debt stocks, short-term (DOD, current US$)",DT.DOD.DSTC.CD,,,,,,,,,,,,,,,,,,,,,,,,,,,,,,,,,,,,,,,,,,,,,,,,,,,,,,,,,,,,,
Chad,TCD,"External debt stocks, short-term (DOD, current US$)",DT.DOD.DSTC.CD,,,,,,,,,,,222951.3,392628.2,642608.5,1098448.9,1446665,1681808.9,2734133.3,6521975.2,17441021.6,18195181.7,11453748.1,11604102.3,8250458.8,6085080.1,3409396.1,20229640.1,30999204.3,38073969.2,37777796.5,28239108.2,29754078.3,38303702.3,22026960.1,25921176.6,26333967.5,17103767.2,17463226.7,25317636.2,21931531.7,25289741.4,22987942.2,18254058.5,18738975.5,15237035.9,15216114.1,10988408.1,13128186.6,25833503.1,4126706.7,11923564.7,9328664.6,19693613.8,8461013,8438934.4,7522640.6,7780851.2,14926403,14799421.4,14240736.5,,
East Asia & Pacific (IDA & IBRD countries),TEA,"External debt stocks, short-term (DOD, current US$)",DT.DOD.DSTC.CD,,,,,,,,,,,,,,,,,,,,,,,,,,,,,,,,,,,,,,,,,,,,,,,,,,,,,,,,,,,,,
Europe & Central Asia (IDA & IBRD countries),TEC,"External debt stocks, short-term (DOD, current US$)",DT.DOD.DSTC.CD,,,,,,,,,,,,,,,,,,,,,,,,,,,,,,,,,,,,,,,,,,,,,,,,,,,,,,,,,,,,,
Togo,TGO,"External debt stocks, short-term (DOD, current US$)",DT.DOD.DSTC.CD,,,,,,,,,,,39009.6,391930.3,2458.3,58558.7,281193.6,145308.5,481057.6,40585110.7,102289262,107010409.4,120232040,113904828.8,127075877.4,71371648.8,63000000,74000000,89152246.9,101736206.4,86313028.8,163655709.3,112950042.9,132567832.3,140632431.5,97289552.9,144694978.6,84880192.8,87957621,43984468.5,51823936.4,153802439.3,132522533.8,148388131.7,199508030.9,175995561.4,195821550.4,217743926.9,231649515.8,310310095.7,107838528.2,46967194.7,38911772.1,5802524.7,49593289.5,86891469.4,89291001.7,63878940.4,58713494.4,268498290.5,278885338.5,,
Thailand,THA,"External debt stocks, short-term (DOD, current US$)",DT.DOD.DSTC.CD,,,,,,,,,,,275000000,297000000,338000000,343000000,440000000,513000000,640000000,1264000000,2094000000,2340000000,2303000000,2878000000,3041000000,3305000000,3551000000,3200000000,2840000000,2664000000,4800000000,6112000000,8322390000,12492170000,14726860000,22634200000,29178800000,44095005000,47715125000,37835984000,29659920000,23418000000,14880000000,13223000000,11919000000,10956000000,11488000000,16014000000,17812008406.9,18295000000,20455390540.1,33284415099.2,50657059151,47288446606.4,58180596413.3,61896330000,56048356000,52185996000,52790070000,64650406000,60304910000,,
Tajikistan,TJK,"External debt stocks, short-term (DOD, current US$)",DT.DOD.DSTC.CD,,,,,,,,,,,0,0,0,0,0,0,0,0,0,0,0,0,0,0,0,0,0,0,0,0,0,0,0,0,17920000,42800000,19269000,71107000,144629000,95735851.5,76643624.6,79248551.9,59936415.2,81101848,83354000,27244051.5,29282728.2,72400000,90100000,74300000,601082000,731000000,993754000,1129596486.3,1164488900.5,960510058,813880905.2,745154222.6,873597459.3,,
Turkmenistan,TKM,"External debt stocks, short-term (DOD, current US$)",DT.DOD.DSTC.CD,,,,,,,,,,,0,0,0,0,0,0,0,0,0,0,0,0,0,0,0,0,0,0,0,0,0,0,0,0,84725293.3,17395593.2,286574173.3,528277612.9,511289928.6,311139664,247985868.1,273170415.8,406652419.2,322855888,439872858.7,142042000,151686544,91478000,43776000,84776000,54776000,47776000,86776000,70776000,776000,776000,153913000,416951000,306650000,,
Latin America & the Caribbean (IDA & IBRD countries),TLA,"External debt stocks, short-term (DOD, current US$)",DT.DOD.DSTC.CD,,,,,,,,,,,,,,,,,,,,,,,,,,,,,,,,,,,,,,,,,,,,,,,,,,,,,,,,,,,,,
Timor-Leste,TLS,"External debt stocks, short-term (DOD, current US$)",DT.DOD.DSTC.CD,,,,,,,,,,,0,0,0,0,0,0,0,0,0,0,0,0,0,0,0,0,0,0,0,0,0,0,0,0,0,0,0,0,0,0,0,0,0,0,0,0,0,0,0,0,0,0,64148000,70279000,71268000,60306000,0,2978000,2590000,,
Middle East & North Africa (IDA & IBRD countries),TMN,"External debt stocks, short-term (DOD, current US$)",DT.DOD.DSTC.CD,,,,,,,,,,,,,,,,,,,,,,,,,,,,,,,,,,,,,,,,,,,,,,,,,,,,,,,,,,,,,
Tonga,TON,"External debt stocks, short-term (DOD, current US$)",DT.DOD.DSTC.CD,,,,,,,,,,,0,0,0,0,0,0,0,0,0,0,0,0,0,0,0,720000,490000,540000,590000,1060000,9230000,760000,850000,570000,1000000,1320000,1320000,1026501,685504.3,343731.4,390721.5,526581.5,769517.7,772613.8,747273.7,117970,149701.8,0,0,5.8,11179.3,36091.8,36929.4,3756.2,1640.4,0,0,0,0,,
South Asia (IDA & IBRD),TSA,"External debt stocks, short-term (DOD, current US$)",DT.DOD.DSTC.CD,,,,,,,,,,,,,,,,,,,,,,,,,,,,,,,,,,,,,,,,,,,,,,,,,,,,,,,,,,,,,
Sub-Saharan Africa (IDA & IBRD countries),TSS,"External debt stocks, short-term (DOD, current US$)",DT.DOD.DSTC.CD,,,,,,,,,,,,,,,,,,,,,,,,,,,,,,,,,,,,,,,,,,,,,,,,,,,,,,,,,,,,,
Trinidad and Tobago,TTO,"External debt stocks, short-term (DOD, current US$)",DT.DOD.DSTC.CD,,,,,,,,,,,,,,,,,,,,,,,,,,,,,,,,,,,,,,,,,,,,,,,,,,,,,,,,,,,,,
Tunisia,TUN,"External debt stocks, short-term (DOD, current US$)",DT.DOD.DSTC.CD,,,,,,,,,,,44000000,49000000,54000000,64012100.5,73012824.8,81012707.7,93009054.8,201058209.2,281151407.5,190012000,136325000,133500000,136300000,131433296.6,169281804.1,183291516.6,228659055.9,254839588,334590000,375680000,634272113.3,670180800.4,842598977.8,789080000,1106312408,1310010000,1576000000,1539000000,1040310000,1537692000,1590000000,2643000000,3081000000,3264587000,3345006000,3135030000,3335595000,3985172000,4330132000,4835269000,4978858000,4949376000,6229589000,6571809000,6845694000,6574714000,6694000000,7458367000,8093050000,,
Turkey,TUR,"External debt stocks, short-term (DOD, current US$)",DT.DOD.DSTC.CD,,,,,,,,,,,784000000,939515000,1015000000,1201000000,1323000000,1445000000,1714000000,6093000000,7186007000,3624380622.4,2501458690.4,2201436912.1,1770821175.3,2287257667.4,3184745212.2,4759000000,6349000000,7623000000,6417000000,5745000000,9500000000,9117000000,12660000000,18533000000,11310000000,15701000000,17345000000,17994000000,21217000000,23472000000,28912000000,16345000000,16424000000,23013000000,30861000000,38916000000,42855000000,43142000000,52512000000,48977000000,77232000000,81556000000,100155000000,130291000000,135075518000,105131326000,101242685000,119231714000,115421409000,,
Tuvalu,TUV,"External debt stocks, short-term (DOD, current US$)",DT.DOD.DSTC.CD,,,,,,,,,,,,,,,,,,,,,,,,,,,,,,,,,,,,,,,,,,,,,,,,,,,,,,,,,,,,,
Tanzania,TZA,"External debt stocks, short-term (DOD, current US$)",DT.DOD.DSTC.CD,,,,,,,,,,,24000000,32000000,113549440.5,205966432.7,296803013.3,400624569.1,534258399.6,795548613.5,1246224718.3,1258905277.2,1770656931.8,1953673034,2284188165.1,2739867313.9,3109774041.8,4403544286.6,401179417.2,554995019.9,615962970,443119091.2,519814348.3,612907155.5,587346971.4,749127468.7,884800814.3,962956236.9,1031481586.2,847827556.7,917145898.5,995232419.1,849011158.6,605931576.2,712147510.1,824914215,1134646545.6,1006273090.4,1000744129.1,1036642015.9,1344107949.2,1401571159.5,1421335987.7,1683553040.9,2110127509.8,1757576583,2078153745.4,1858721520.6,2037423418.5,2060135970,1811769591,,
Uganda,UGA,"External debt stocks, short-term (DOD, current US$)",DT.DOD.DSTC.CD,,,,,,,,,,,21600,22970.7,178048.7,205044.9,335300.3,1235917.4,2402424,3724948.9,8580034.2,43884301.8,62804403,30795834.4,39462645.2,27568733.7,39175298.3,40635539.8,62172470.2,61050453.6,81573669.4,109693832.7,146368015.8,173158016.1,158837353.2,104541722.1,128511501.7,102459233.4,115806737.5,123121596.5,142771792.4,131726049,129466567.1,151025723.5,158487943.8,147835955.6,136104348.4,80121483.3,148121816.4,26537481.7,458232266.2,235221484.5,26221484.5,26221484.5,26221484.7,469441544.7,532932497.9,554340163.3,501912036.1,473095388.3,508834544.2,,
Ukraine,UKR,"External debt stocks, short-term (DOD, current US$)",DT.DOD.DSTC.CD,,,,,,,,,,,0,0,0,0,0,0,0,0,0,0,0,0,0,0,0,0,0,0,0,0,0,0,92950000,160811000,417250712.4,223357608.7,443822158.6,1089010195,479380462.6,315373464.2,447134234.9,8556690913,8814244000,9015001098,10440000000,12063000000,15360568000,22913696000,20635725000,19873388000,27263813000,32726562000,34750483000,34823175000,22689353000,20013079000,20222819000,22259079000,20690032000,,
Upper middle income,UMC,"External debt stocks, short-term (DOD, current US$)",DT.DOD.DSTC.CD,,,,,,,,,,,5472231819.9,6353661429.2,7547856179.9,8890219855,10942645024.8,12699536838.6,16314539803.6,35859693838,42853975233.6,51994223512.6,76270991524.1,91461726929,103721011965.7,74707395885,65300460487.7,68679094949.7,61538399807.7,72558775352.2,80517125208.9,96378671688.3,116592366959.1,137610870150.4,157564177619.6,187831557933.1,191070275187.1,229530012810,236927851219.4,241471860285.8,226186685843.3,209607855131.7,202314581550.9,219797956543.5,223876844253.1,282112879275.1,333721716470.3,404226036251.2,470798526224,615818519540.3,582054930941,612124572585.4,991438726713.8,1260137789529.6,1342804969651.8,1697727678954.8,1859448512658.6,1391445970465.8,1342389406411.1,1630748209783.4,1852602455224.5,,
Uruguay,URY,"External debt stocks, short-term (DOD, current US$)",DT.DOD.DSTC.CD,,,,,,,,,,,,,,,,,,,,,,,,,,,,,,,,,,,,,,,,,,,,,,,,,,,,,,,,,,,,,
United States,USA,"External debt stocks, short-term (DOD, current US$)",DT.DOD.DSTC.CD,,,,,,,,,,,,,,,,,,,,,,,,,,,,,,,,,,,,,,,,,,,,,,,,,,,,,,,,,,,,,
Uzbekistan,UZB,"External debt stocks, short-term (DOD, current US$)",DT.DOD.DSTC.CD,,,,,,,,,,,0,0,0,0,0,0,0,0,0,0,0,0,0,0,0,0,0,0,0,0,0,0,0,92000000,291000000,211920000,91500000,419000000,146861000,626288000,246329000,504864000,319092000,246985000,166921000,88496000,183000000,198436000,170764000,229347000,243512000,230512000,607000000,413352000,495406000,671268000,600323000,838125000,722476000,,
St. Vincent and the Grenadines,VCT,"External debt stocks, short-term (DOD, current US$)",DT.DOD.DSTC.CD,,,,,,,,,,,0,0,0,0,0,0,0,0,0,0,0,0,0,1415693.8,1172392.2,2062127.2,3004000,3047481.5,3077222.2,1748863.7,2113711.5,2087689.8,1559564.5,23734286.7,22738900,26970132.9,29420000,25561022,28396002.5,31870890.8,31362332,32235320.3,2362974,3218419,3556068.2,4279171.6,492197.4,1567474.2,173783.4,516576.5,8705.1,22135.1,22432.4,7760.9,7165.4,124672.3,4098846.4,343000,0,,
"Venezuela, RB",VEN,"External debt stocks, short-term (DOD, current US$)",DT.DOD.DSTC.CD,,,,,,,,,,,468000000,635000000,836000000,924000000,873000000,732000000,1624000000,5426000000,8001832000,11773925708.5,15549576034,16980780508,14708408105,14515474197,9405061122,8951076268.5,1577230487,4085427187.2,5273691398,2289638192.9,2000000000,2284000000,5274473185.9,4682381136.6,3731656192.1,3063406755.3,2733600342.6,8479103971.4,8636471098.2,7489772472,8185991602.3,7825080010.6,7234432051.2,7058924259.9,7844775390.2,10108228704,12774051902,19653121914.1,20274422875.5,20834217609,24055176043,24407110408.5,27996062000,29841165000,30587000000,41098215000,41698215000,41240215000,46221299409.9,,
British Virgin Islands,VGB,"External debt stocks, short-term (DOD, current US$)",DT.DOD.DSTC.CD,,,,,,,,,,,,,,,,,,,,,,,,,,,,,,,,,,,,,,,,,,,,,,,,,,,,,,,,,,,,,
Virgin Islands (U.S.),VIR,"External debt stocks, short-term (DOD, current US$)",DT.DOD.DSTC.CD,,,,,,,,,,,,,,,,,,,,,,,,,,,,,,,,,,,,,,,,,,,,,,,,,,,,,,,,,,,,,
Vietnam,VNM,"External debt stocks, short-term (DOD, current US$)",DT.DOD.DSTC.CD,,,,,,,,,,,0,0,0,0,0,0,0,0,0,0,0,0,0,0,0,0,0,46000,4502000,1412200638,1780277997.8,1932225344.9,2584984618.1,2469040533.5,2663357174.6,3272163131.1,3754151483.5,2341748346.2,2193024347,2375801612.2,823146086.6,719124426.8,678822231.3,822397850.1,1688015193.1,2040422161.6,2443097977.2,4394600152.3,4204445925.5,4782884211.6,6932477306.6,10781404337.2,12350407039,12169250942.1,13604210351.1,11990675284,12720044707.3,21898102893.4,19584944511.4,,
Vanuatu,VUT,"External debt stocks, short-term (DOD, current US$)",DT.DOD.DSTC.CD,,,,,,,,,,,0,0,0,0,0,0,0,0,0,0,0,0,0,7000000,8000000,9000000,10000000,10000000,11500000,9500000,9600000,1240000,830000,3000000,5000000,5000000,5000000,9000000,9000000,1140000,18000000,32000000,62000000,55000000,45110330.1,5209986.6,14106677,24119240.1,34112727.7,29000000,50000000,47000000,52000000,23685000,80771000,38715000,37840000,66446000,45120000,,
World,WLD,"External debt stocks, short-term (DOD, current US$)",DT.DOD.DSTC.CD,,,,,,,,,,,,,,,,,,,,,,,,,,,,,,,,,,,,,,,,,,,,,,,,,,,,,,,,,,,,,
Samoa,WSM,"External debt stocks, short-term (DOD, current US$)",DT.DOD.DSTC.CD,,,,,,,,,,,0,0,0,0,200000,0,0,0,0,0,0,417976.2,985421.6,1109388,738835.8,440000,0,0,9222.8,57868.4,0,6704.5,0,75561.3,0,0,2506,16563.2,0,0,0,4406.5,9438.3,0,0,0,0,0,0,9363.4,0,0,373,0,0,0,0,0,0,,
Kosovo,XKX,"External debt stocks, short-term (DOD, current US$)",DT.DOD.DSTC.CD,,,,,,,,,,,0,0,0,0,0,0,0,0,0,0,0,0,0,0,0,0,0,0,0,0,0,0,0,0,0,0,0,0,0,0,0,0,0,0,0,0,0,140660000,194240000,821130000,454980000,456236000,652000000,675000000,780153949.8,679132148.7,621000000,836000000,796000000,,
"Yemen, Rep.",YEM,"External debt stocks, short-term (DOD, current US$)",DT.DOD.DSTC.CD,,,,,,,,,,,5000000,7000000,14000000,36000000,52000000,61010000,74039021.4,132064040,132164820,176138000,182454000,189899114.6,209438083.4,250293383,368993652.5,324499841.9,410141404,511527883.7,846393154.5,948322561.7,1191551657.1,1217633780.6,1317712697,581691304.3,665630221.8,688876627.3,619269288.6,189947694.5,165138773.1,412818808.9,688661201.4,425895498.3,326881456,220237146,299861903.7,330189702.1,325560183,416434888.2,393496828.1,507200162,124193455.9,131284180.4,139768169.3,259417776.5,315582132.3,300268192.4,243445908.2,368278528.2,361941387.6,,
South Africa,ZAF,"External debt stocks, short-term (DOD, current US$)",DT.DOD.DSTC.CD,,,,,,,,,,,0,0,0,0,0,0,0,0,0,0,0,0,0,0,0,0,0,0,0,0,0,0,0,0,7739000000,9673000000,10832000000,10928000000,11444000000,10815000000,9553000000,8355000000,8054000000,8217000000,11195049696.3,14276071463.5,20566000000,24044000000,25462000000,21286000000,21730000000,20534000000,27868000000,27249000000,28042000000,29075000000,29791000000,36630000000,36630000000,,
Zambia,ZMB,"External debt stocks, short-term (DOD, current US$)",DT.DOD.DSTC.CD,,,,,,,,,,,160000000,168000000,185000000,201000000,234000000,331261031.5,373311539.2,646729839.5,649829891.3,651606387.2,586285244,610721373.8,647303218.3,509893533.7,445249584.2,669959205.3,1039723701.1,1147304287.8,1438591719.7,1549784179,1413169344.3,1341999681.3,1333225827.1,1296284029.3,809911732.8,414702311,476486271.5,257918683.4,328091423.3,109767515.2,76268923,141025235.2,91722396.2,89147742.9,136873000,234348000,443081963.7,574871054.8,673680617.1,474358972,1182532416.2,561083324.3,859147462,787900177.1,868320188.4,782423089.9,805836549.3,945179346.1,666707511.4,,
Zimbabwe,ZWE,"External debt stocks, short-term (DOD, current US$)",DT.DOD.DSTC.CD,,,,,,,,,,,3199200,4793219.4,5048415,0,0,0,0,46000000,28000000,35000000,90000000,398000000,582000000,481000000,344000000,308009150,290099168,261941827.9,300574353.1,410344000,590600000,560500000,706015125,600463485.1,496874272.2,685322104.7,801182376.4,977293317.1,768796568.3,747910159.4,568782893.5,572739206.4,582926789.4,864390239.7,1060426382.8,1115591694.2,1391646102.8,1815103650,1849681663,1646095157,1828551165,2072665242.2,2434705954.6,2739527858.5,2629087015.8,2808990904.6,2974360443.7,3424959941.9,3374182814.2,,